step,epoch,batch,loss,psnr,ssim
20,1,20,0.4409025311470032,6.780420303344727,0.3391342759132385
40,1,40,0.38614511489868164,7.915287017822266,0.5013823509216309
60,1,60,0.40645307302474976,7.442463397979736,0.5219870209693909
80,1,80,0.389143705368042,7.7251081466674805,0.4527442455291748
100,1,100,0.40060269832611084,7.619848728179932,0.6145304441452026
120,1,120,0.3804982602596283,8.140130996704102,0.512432336807251
140,1,140,0.3606836795806885,8.530088424682617,0.6038517951965332
160,1,160,0.33289527893066406,9.164352416992188,0.5895955562591553
180,1,180,0.330008327960968,9.309782028198242,0.6018869876861572
200,1,200,0.34366047382354736,9.094001770019531,0.6213779449462891
220,1,220,0.34551578760147095,8.911941528320312,0.6368944048881531
240,1,240,0.3471341133117676,8.896896362304688,0.5743144750595093
260,1,260,0.33797988295555115,8.901609420776367,0.583422839641571
280,1,280,0.3042469024658203,9.97094440460205,0.6389909982681274
300,1,300,0.31145036220550537,9.909528732299805,0.7207097411155701
320,1,320,0.29033005237579346,10.382923126220703,0.6978700160980225
340,1,340,0.3018891513347626,10.078069686889648,0.715651273727417
360,1,360,0.2855985164642334,10.56507396697998,0.7458291053771973
380,1,380,0.2704467177391052,10.959758758544922,0.715822160243988
400,1,400,0.29438018798828125,10.398995399475098,0.723493218421936
420,1,420,0.2805987298488617,10.623395919799805,0.7066713571548462
440,1,440,0.2910964787006378,10.275442123413086,0.6778091192245483
460,1,460,0.27187424898147583,10.793636322021484,0.7271873950958252
480,1,480,0.26659440994262695,11.22170639038086,0.7350209951400757
500,1,500,0.2354086935520172,12.156164169311523,0.7256146669387817
520,1,520,0.2570887804031372,11.356398582458496,0.7580479383468628
540,1,540,0.2565358877182007,11.24449348449707,0.6815761923789978
560,1,560,0.24723151326179504,11.605541229248047,0.7550000548362732
580,1,580,0.23584890365600586,11.876672744750977,0.7586928606033325
600,1,600,0.2588859796524048,10.84507942199707,0.6993032097816467
620,1,620,0.21428893506526947,12.965015411376953,0.7866122722625732
640,1,640,0.21084168553352356,12.667043685913086,0.7544857859611511
660,1,660,0.25425785779953003,10.686944961547852,0.6611196994781494
680,1,680,0.22598646581172943,12.150813102722168,0.7327232360839844
700,1,700,0.24768434464931488,11.566160202026367,0.7130444049835205
720,1,720,0.21734142303466797,12.523019790649414,0.7844500541687012
740,1,740,0.20258459448814392,13.543898582458496,0.8201923370361328
760,1,760,0.2051212042570114,13.106691360473633,0.8150312900543213
780,1,780,0.21423181891441345,12.077081680297852,0.693639874458313
800,1,800,0.2333473563194275,11.267847061157227,0.6930557489395142
820,1,820,0.1714766025543213,14.60555648803711,0.8024705648422241
840,1,840,0.20075206458568573,13.110702514648438,0.8289227485656738
860,1,860,0.19567301869392395,13.233987808227539,0.7333618402481079
880,1,880,0.18506091833114624,13.689107894897461,0.7662099003791809
900,1,900,0.20865318179130554,11.25311279296875,0.6304504871368408
920,1,920,0.15946729481220245,15.247900009155273,0.8084784746170044
940,1,940,0.17356032133102417,14.30978775024414,0.8384410738945007
960,1,960,0.16993193328380585,13.938169479370117,0.7385585904121399
980,2,15,0.15410521626472473,15.724462509155273,0.8649827837944031
1000,2,35,0.17076382040977478,13.359140396118164,0.7525495290756226
1020,2,55,0.20300233364105225,12.425084114074707,0.5830864906311035
1040,2,75,0.16384097933769226,13.981893539428711,0.7596321702003479
1060,2,95,0.15291909873485565,15.237957000732422,0.7963075637817383
1080,2,115,0.1452987641096115,16.45103645324707,0.8924161195755005
1100,2,135,0.14640001952648163,15.486169815063477,0.8665567636489868
1120,2,155,0.17981907725334167,12.915325164794922,0.6272715926170349
1140,2,175,0.14427226781845093,16.034507751464844,0.8036608695983887
1160,2,195,0.1543329656124115,14.562013626098633,0.7556074261665344
1180,2,215,0.15040883421897888,15.11829948425293,0.8608942627906799
1200,2,235,0.12966778874397278,17.426109313964844,0.9139641523361206
1220,2,255,0.14437086880207062,14.776042938232422,0.8410693407058716
1240,2,275,0.0950620174407959,19.422616958618164,0.8537870645523071
1260,2,295,0.11894325911998749,17.42920684814453,0.8795264959335327
1280,2,315,0.12515583634376526,17.06437110900879,0.8652769327163696
1300,2,335,0.147297203540802,13.151769638061523,0.7424192428588867
1320,2,355,0.10416896641254425,19.000934600830078,0.8967459201812744
1340,2,375,0.12704625725746155,15.302959442138672,0.8223013877868652
1360,2,395,0.10134661197662354,19.379409790039062,0.9300359487533569
1380,2,415,0.10664884746074677,18.785999298095703,0.9112403988838196
1400,2,435,0.11576227843761444,17.283430099487305,0.8293774724006653
1420,2,455,0.12052877247333527,16.192829132080078,0.868391752243042
1440,2,475,0.09770092368125916,19.027984619140625,0.9123791456222534
1460,2,495,0.10163620114326477,18.672710418701172,0.9012341499328613
1480,2,515,0.08636200428009033,20.132205963134766,0.932594895362854
1500,2,535,0.10789325088262558,16.750591278076172,0.8673650026321411
1520,2,555,0.10576265305280685,17.139427185058594,0.9025224447250366
1540,2,575,0.10685893148183823,16.128925323486328,0.8671354055404663
1560,2,595,0.08864963054656982,19.380718231201172,0.8803151845932007
1580,2,615,0.09659761190414429,17.399215698242188,0.8458969593048096
1600,2,635,0.09070616215467453,18.79248809814453,0.882587194442749
1620,2,655,0.09497343003749847,17.744041442871094,0.8785980939865112
1640,2,675,0.08342736959457397,20.268436431884766,0.8402918577194214
1660,2,695,0.0820154994726181,20.946063995361328,0.9406751394271851
1680,2,715,0.095555379986763,17.90585708618164,0.9062498807907104
1700,2,735,0.10384176671504974,17.043636322021484,0.8855958580970764
1720,2,755,0.07248377054929733,22.166461944580078,0.9422626495361328
1740,2,775,0.08183912187814713,21.15325927734375,0.9498561024665833
1760,2,795,0.08640342950820923,18.43353271484375,0.9061563014984131
1780,2,815,0.08335574716329575,17.395198822021484,0.8850280046463013
1800,2,835,0.07892869412899017,18.14572525024414,0.8860703706741333
1820,2,855,0.09025176614522934,17.767213821411133,0.8118772506713867
1840,2,875,0.10355322062969208,17.068836212158203,0.824182391166687
1860,2,895,0.07445751875638962,19.75874900817871,0.9231266975402832
1880,2,915,0.0844755619764328,18.367691040039062,0.8948337435722351
1900,2,935,0.11828868091106415,16.00569725036621,0.7651839256286621
1920,2,955,0.070951908826828,19.977733612060547,0.9314107894897461
1940,3,10,0.06530066579580307,22.42000961303711,0.9491194486618042
1960,3,30,0.10318748652935028,17.44181251525879,0.8237618803977966
1980,3,50,0.07126151770353317,20.9586124420166,0.9350193738937378
2000,3,70,0.0859469622373581,18.583335876464844,0.8581859469413757
2020,3,90,0.09940294921398163,13.753280639648438,0.7698873281478882
2040,3,110,0.06215295195579529,20.656940460205078,0.9258631467819214
2060,3,130,0.0630197823047638,21.546371459960938,0.9393644332885742
2080,3,150,0.07873134315013885,18.1639347076416,0.8649858236312866
2100,3,170,0.052164237946271896,22.901874542236328,0.936065673828125
2120,3,190,0.08196981251239777,16.687732696533203,0.8360835313796997
2140,3,210,0.06467117369174957,21.10887908935547,0.9110497236251831
2160,3,230,0.0661415159702301,21.10407257080078,0.8282764554023743
2180,3,250,0.055716969072818756,22.18853187561035,0.9284602999687195
2200,3,270,0.06244177743792534,21.186309814453125,0.9076632857322693
2220,3,290,0.09533309191465378,16.447208404541016,0.8819385170936584
2240,3,310,0.054927945137023926,21.291671752929688,0.9422191381454468
2260,3,330,0.07366479933261871,19.49555206298828,0.8641132712364197
2280,3,350,0.05013445019721985,23.09354591369629,0.9407655000686646
2300,3,370,0.06885707378387451,17.2784423828125,0.8705045580863953
2320,3,390,0.055315881967544556,20.87042808532715,0.9117470383644104
2340,3,410,0.06966517120599747,17.543350219726562,0.8597797155380249
2360,3,430,0.040021397173404694,25.047767639160156,0.9667936563491821
2380,3,450,0.11729264259338379,13.635756492614746,0.82869553565979
2400,3,470,0.05155458301305771,20.631317138671875,0.8822054862976074
2420,3,490,0.051635704934597015,21.189476013183594,0.9310601949691772
2440,3,510,0.05502813309431076,23.240097045898438,0.9364761114120483
2460,3,530,0.049059998244047165,21.418445587158203,0.919021487236023
2480,3,550,0.04551195725798607,22.585796356201172,0.9484456181526184
2500,3,570,0.060630958527326584,19.05175018310547,0.9197664260864258
2520,3,590,0.03939024731516838,24.23733139038086,0.9503411054611206
2540,3,610,0.06570377945899963,16.354930877685547,0.8964999914169312
2560,3,630,0.04472694918513298,20.621601104736328,0.9178686141967773
2580,3,650,0.03850925341248512,26.8037109375,0.9606913328170776
2600,3,670,0.0652938187122345,17.11846160888672,0.695956289768219
2620,3,690,0.03943507373332977,24.657033920288086,0.9562851190567017
2640,3,710,0.03726429492235184,26.589771270751953,0.974337637424469
2660,3,730,0.06810396909713745,17.661033630371094,0.8444782495498657
2680,3,750,0.05065883323550224,19.90735626220703,0.9101003408432007
2700,3,770,0.03859781473875046,24.507442474365234,0.9660418033599854
2720,3,790,0.05202430114150047,19.197946548461914,0.921566367149353
2740,3,810,0.049514636397361755,17.836639404296875,0.905924916267395
2760,3,830,0.04347926378250122,20.050071716308594,0.9286953210830688
2780,3,850,0.034040749073028564,26.21767234802246,0.9709426760673523
2800,3,870,0.049866653978824615,21.613985061645508,0.8939701318740845
2820,3,890,0.07123392820358276,17.450836181640625,0.8371599912643433
2840,3,910,0.0443727970123291,21.515613555908203,0.9338991641998291
2860,3,930,0.03048751875758171,26.216039657592773,0.9751826524734497
2880,3,950,0.060149144381284714,17.514862060546875,0.8998404741287231
2900,4,5,0.04405943676829338,19.889877319335938,0.9136384725570679
2920,4,25,0.08484046161174774,13.310418128967285,0.7705628871917725
2940,4,45,0.0324774831533432,25.753461837768555,0.970190167427063
2960,4,65,0.04003685712814331,21.923625946044922,0.9464364051818848
2980,4,85,0.036356180906295776,23.868375778198242,0.9486405849456787
3000,4,105,0.04153770953416824,23.407054901123047,0.9275879859924316
3020,4,125,0.03458121418952942,23.344175338745117,0.9258250594139099
3040,4,145,0.02707669697701931,26.47121810913086,0.9672286510467529
3060,4,165,0.07197155058383942,17.93126678466797,0.8096933364868164
3080,4,185,0.030765628442168236,23.732444763183594,0.9387786388397217
3100,4,205,0.1255263239145279,16.631885528564453,0.7755780220031738
3120,4,225,0.0629362091422081,16.674976348876953,0.8362388610839844
3140,4,245,0.041101038455963135,20.457996368408203,0.9350984692573547
3160,4,265,0.07080478221178055,21.363353729248047,0.9187455177307129
3180,4,285,0.023392757400870323,28.301002502441406,0.9808558821678162
3200,4,305,0.036228690296411514,20.115863800048828,0.947050929069519
3220,4,325,0.04690179228782654,21.48065185546875,0.9218193292617798
3240,4,345,0.04683779925107956,19.68276596069336,0.9075077772140503
3260,4,365,0.0333782434463501,26.754554748535156,0.9298080205917358
3280,4,385,0.02642546407878399,25.846548080444336,0.9742863178253174
3300,4,405,0.027586299926042557,26.37635040283203,0.9725780487060547
3320,4,425,0.05418426916003227,16.047687530517578,0.8855600357055664
3340,4,445,0.024027829989790916,27.711441040039062,0.9740259647369385
3360,4,465,0.06222107261419296,16.719736099243164,0.7188308835029602
3380,4,485,0.0330958217382431,20.376108169555664,0.9071484804153442
3400,4,505,0.026820197701454163,23.280838012695312,0.9612991809844971
3420,4,525,0.029807258397340775,23.167137145996094,0.9504754543304443
3440,4,545,0.029086556285619736,23.23804473876953,0.9391863346099854
3460,4,565,0.028777334839105606,21.094921112060547,0.898039698600769
3480,4,585,0.036815013736486435,18.379207611083984,0.8890177011489868
3500,4,605,0.024046357721090317,24.821622848510742,0.9669932126998901
3520,4,625,0.03447277843952179,21.693199157714844,0.9310700297355652
3540,4,645,0.02568369172513485,25.87686538696289,0.9745694398880005
3560,4,665,0.03253372013568878,20.397926330566406,0.9351303577423096
3580,4,685,0.022336333990097046,25.83558464050293,0.9755744934082031
3600,4,705,0.020066769793629646,28.683475494384766,0.9425191879272461
3620,4,725,0.021658696234226227,26.95352554321289,0.9809448719024658
3640,4,745,0.019402407109737396,28.879344940185547,0.9838442206382751
3660,4,765,0.035339489579200745,20.95660972595215,0.9237571954727173
3680,4,785,0.020447397604584694,26.141448974609375,0.9686179161071777
3700,4,805,0.03808809071779251,26.175920486450195,0.9081000089645386
3720,4,825,0.0364360436797142,19.54150390625,0.925987720489502
3740,4,845,0.04493756219744682,19.11652183532715,0.86883145570755
3760,4,865,0.06322630494832993,18.13344383239746,0.7637104392051697
3780,4,885,0.049565162509679794,18.95130157470703,0.9058553576469421
3800,4,905,0.03834293782711029,27.2167911529541,0.914139986038208
3820,4,925,0.014375559985637665,30.21417236328125,0.9837849140167236
3840,4,945,0.01661122962832451,30.31707763671875,0.9843199253082275
3860,4,965,0.01985512673854828,26.91705322265625,0.976696789264679
3880,5,20,0.03358457610011101,22.416175842285156,0.9470618963241577
3900,5,40,0.01681530475616455,28.519670486450195,0.9572954177856445
3920,5,60,0.0915377140045166,12.314690589904785,0.7323281764984131
3940,5,80,0.021108325570821762,23.700252532958984,0.9699026346206665
3960,5,100,0.01980014145374298,26.395694732666016,0.8994760513305664
3980,5,120,0.01702974922955036,27.48661994934082,0.9653172492980957
4000,5,140,0.03851412236690521,22.399381637573242,0.9307993650436401
4020,5,160,0.05194784328341484,19.072654724121094,0.9059181213378906
4040,5,180,0.051092468202114105,15.513042449951172,0.8132003545761108
4060,5,200,0.03438110277056694,19.87214469909668,0.8655807971954346
4080,5,220,0.019421687349677086,23.825254440307617,0.9361593127250671
4100,5,240,0.024889107793569565,21.262203216552734,0.9373645782470703
4120,5,260,0.020570214837789536,26.991044998168945,0.9729934930801392
4140,5,280,0.04040675610303879,17.69956398010254,0.916963517665863
4160,5,300,0.04155028611421585,16.28268051147461,0.8868192434310913
4180,5,320,0.07970201969146729,15.78054141998291,0.7973425388336182
4200,5,340,0.01804785430431366,26.763996124267578,0.9727806448936462
4220,5,360,0.07007123529911041,14.458282470703125,0.8078811168670654
4240,5,380,0.025071673095226288,20.36160659790039,0.934310793876648
4260,5,400,0.01899285987019539,26.554367065429688,0.9430803060531616
4280,5,420,0.03919282183051109,17.159652709960938,0.9074207544326782
4300,5,440,0.03233424574136734,18.958385467529297,0.9241337776184082
4320,5,460,0.014286790043115616,28.92758560180664,0.9741882085800171
4340,5,480,0.020804040133953094,22.942005157470703,0.9478379487991333
4360,5,500,0.12455123662948608,17.6898193359375,0.8175727725028992
4380,5,520,0.03239067643880844,20.78343963623047,0.9324108362197876
4400,5,540,0.08714593946933746,12.68077564239502,0.7157554626464844
4420,5,560,0.009923093020915985,37.29612731933594,0.9927080273628235
4440,5,580,0.016879823058843613,26.42519760131836,0.9752998352050781
4460,5,600,0.020590059459209442,25.241891860961914,0.9451252222061157
4480,5,620,0.036796025931835175,26.84238624572754,0.8935208320617676
4500,5,640,0.018808430060744286,22.824426651000977,0.928979754447937
4520,5,660,0.03231319040060043,25.015121459960938,0.8904296159744263
4540,5,680,0.042744994163513184,18.051719665527344,0.911705732345581
4560,5,700,0.037331610918045044,19.182132720947266,0.9108905792236328
4580,5,720,0.03612522408366203,18.95458221435547,0.9145094752311707
4600,5,740,0.01800682581961155,26.532161712646484,0.9672050476074219
4620,5,760,0.02002810686826706,22.374513626098633,0.9577505588531494
4640,5,780,0.012030514888465405,34.51053237915039,0.9823559522628784
4660,5,800,0.022643685340881348,22.711429595947266,0.9671616554260254
4680,5,820,0.013535693287849426,28.33086395263672,0.9803750514984131
4700,5,840,0.019964441657066345,25.889854431152344,0.9792844653129578
4720,5,860,0.05392058193683624,19.622974395751953,0.8578815460205078
4740,5,880,0.0129549540579319,28.073131561279297,0.9834675788879395
4760,5,900,0.04626818746328354,21.495197296142578,0.8495169878005981
4780,5,920,0.04550827294588089,22.025758743286133,0.8818727135658264
4800,5,940,0.02369757555425167,22.458984375,0.9504154920578003
4820,5,960,0.04281797260046005,20.196374893188477,0.8961030840873718
4840,6,15,0.05551144480705261,19.93074607849121,0.792504072189331
4860,6,35,0.013192825019359589,25.288894653320312,0.9715780019760132
4880,6,55,0.027549181133508682,22.45160484313965,0.9487122893333435
4900,6,75,0.034317951649427414,26.910491943359375,0.886328935623169
4920,6,95,0.025169432163238525,21.974933624267578,0.9301213026046753
4940,6,115,0.018095485866069794,22.96730613708496,0.949122428894043
4960,6,135,0.032832466065883636,19.845130920410156,0.9226839542388916
4980,6,155,0.03487367555499077,22.250764846801758,0.8678768277168274
5000,6,175,0.07474379241466522,13.603245735168457,0.7333678007125854
5020,6,195,0.008544588461518288,37.61565399169922,0.9849517345428467
5040,6,215,0.018943719565868378,25.331798553466797,0.9771940112113953
5060,6,235,0.02454061433672905,24.677597045898438,0.9542558193206787
5080,6,255,0.036625124514102936,19.574878692626953,0.871619701385498
5100,6,275,0.024488788098096848,23.747421264648438,0.9585347175598145
5120,6,295,0.04406439885497093,16.39191436767578,0.8452519774436951
5140,6,315,0.05575612187385559,14.40073013305664,0.8120226860046387
5160,6,335,0.036823809146881104,18.501314163208008,0.9047273397445679
5180,6,355,0.02116178348660469,23.992389678955078,0.9612139463424683
5200,6,375,0.03708801418542862,17.19391632080078,0.9042240381240845
5220,6,395,0.019992634654045105,22.54425048828125,0.9544439911842346
5240,6,415,0.024807404726743698,24.974895477294922,0.9415774941444397
5260,6,435,0.015239140018820763,24.457874298095703,0.9642277359962463
5280,6,455,0.033507898449897766,19.058286666870117,0.8939942121505737
5300,6,475,0.05658607929944992,14.395999908447266,0.8089989423751831
5320,6,495,0.007447992917150259,31.8238525390625,0.9886518716812134
5340,6,515,0.050199903547763824,15.54400634765625,0.8820067644119263
5360,6,535,0.016405358910560608,27.078582763671875,0.9734520316123962
5380,6,555,0.023055298253893852,22.472177505493164,0.9581613540649414
5400,6,575,0.026075199246406555,22.589168548583984,0.9260607957839966
5420,6,595,0.037225596606731415,16.30410385131836,0.8898138999938965
5440,6,615,0.01340569369494915,26.07887077331543,0.9516162872314453
5460,6,635,0.030075646936893463,17.93994903564453,0.9218024015426636
5480,6,655,0.045156389474868774,15.809266090393066,0.8586100339889526
5500,6,675,0.01944880560040474,24.29629898071289,0.9533483982086182
5520,6,695,0.02767597697675228,22.18840789794922,0.9044502973556519
5540,6,715,0.0510735958814621,15.519298553466797,0.8399367332458496
5560,6,735,0.010915875434875488,29.020050048828125,0.9849540591239929
5580,6,755,0.03097578138113022,19.496501922607422,0.9043630361557007
5600,6,775,0.015717003494501114,22.66546630859375,0.9490028619766235
5620,6,795,0.009226634167134762,29.864498138427734,0.9852440357208252
5640,6,815,0.016233008354902267,23.1674747467041,0.9614025354385376
5660,6,835,0.012932073324918747,23.646635055541992,0.9690489172935486
5680,6,855,0.04951883852481842,19.055896759033203,0.8483002185821533
5700,6,875,0.040375083684921265,16.620771408081055,0.8676983118057251
5720,6,895,0.013941464945673943,28.751689910888672,0.9542741179466248
5740,6,915,0.03800790756940842,21.105777740478516,0.8980901837348938
5760,6,935,0.07032960653305054,15.570253372192383,0.7914323806762695
5780,6,955,0.05308808386325836,19.8627986907959,0.8992399573326111
5800,7,10,0.09492184966802597,18.055063247680664,0.715236246585846
5820,7,30,0.012629712000489235,24.652835845947266,0.9743569493293762
5840,7,50,0.02456539124250412,32.72896957397461,0.9446181058883667
5860,7,70,0.009551862254738808,30.287200927734375,0.9828991889953613
5880,7,90,0.010855507105588913,25.096769332885742,0.9703027009963989
5900,7,110,0.038688402622938156,18.0277156829834,0.8568445444107056
5920,7,130,0.03914174437522888,17.795654296875,0.9112963676452637
5940,7,150,0.02523612789809704,21.412273406982422,0.9529399871826172
5960,7,170,0.04525498300790787,16.745277404785156,0.9053974747657776
5980,7,190,0.04011682793498039,17.675796508789062,0.8229153156280518
6000,7,210,0.024158209562301636,22.798471450805664,0.965247392654419
6020,7,230,0.02303791046142578,21.856006622314453,0.9264379739761353
6040,7,250,0.01863112859427929,22.123001098632812,0.9452314376831055
6060,7,270,0.025035090744495392,21.031648635864258,0.9390549063682556
6080,7,290,0.021289264783263206,24.307167053222656,0.9433609247207642
6100,7,310,0.010770978406071663,26.594741821289062,0.9832698702812195
6120,7,330,0.02101784572005272,20.344078063964844,0.941155731678009
6140,7,350,0.060720738023519516,15.615370750427246,0.8195168972015381
6160,7,370,0.035695772618055344,20.469417572021484,0.8853278756141663
6180,7,390,0.010888579301536083,27.88741111755371,0.98466956615448
6200,7,410,0.06435723602771759,14.98720932006836,0.8780593872070312
6220,7,430,0.19550246000289917,8.714859008789062,0.5681484937667847
6240,7,450,0.0154188871383667,23.016563415527344,0.9503507614135742
6260,7,470,0.017643725499510765,25.99429702758789,0.9661108255386353
6280,7,490,0.03559640049934387,17.173736572265625,0.898138165473938
6300,7,510,0.02609836310148239,22.544015884399414,0.9250439405441284
6320,7,530,0.012174069881439209,23.95410919189453,0.9562328457832336
6340,7,550,0.022776370868086815,19.199901580810547,0.9441250562667847
6360,7,570,0.0066136810928583145,28.854833602905273,0.9655092358589172
6380,7,590,0.011565007269382477,30.007673263549805,0.9833682775497437
6400,7,610,0.03352361172437668,19.777549743652344,0.9235701560974121
6420,7,630,0.020681098103523254,20.99968910217285,0.8838671445846558
6440,7,650,0.011520805768668652,27.164955139160156,0.9725378751754761
6460,7,670,0.04954857379198074,17.361173629760742,0.8610560894012451
6480,7,690,0.03751397132873535,18.934967041015625,0.9184500575065613
6500,7,710,0.019461913034319878,23.502262115478516,0.948250412940979
6520,7,730,0.023169439285993576,24.02512550354004,0.9135832786560059
6540,7,750,0.01284712366759777,24.377527236938477,0.9580057859420776
6560,7,770,0.03488526493310928,19.88927459716797,0.884526252746582
6580,7,790,0.09452301263809204,18.49915885925293,0.8325376510620117
6600,7,810,0.009050732478499413,27.623117446899414,0.9395570755004883
6620,7,830,0.048481911420822144,16.215717315673828,0.8424303531646729
6640,7,850,0.0445757657289505,15.272658348083496,0.8063759803771973
6660,7,870,0.020700033754110336,25.850032806396484,0.9522517919540405
6680,7,890,0.024998469278216362,22.09457778930664,0.9299867749214172
6700,7,910,0.010462528094649315,26.895156860351562,0.9828306436538696
6720,7,930,0.04137885570526123,18.589380264282227,0.8375356197357178
6740,7,950,0.011420371942222118,31.498361587524414,0.9821813106536865
6760,8,5,0.015266187489032745,27.657468795776367,0.9735293388366699
6780,8,25,0.03213483840227127,18.936464309692383,0.9346765875816345
6800,8,45,0.03520458564162254,22.71575355529785,0.9052995443344116
6820,8,65,0.03634790703654289,22.252323150634766,0.9229691028594971
6840,8,85,0.024409262463450432,22.408588409423828,0.9059447646141052
6860,8,105,0.017838791012763977,25.023311614990234,0.9542074203491211
6880,8,125,0.012634910643100739,25.5399227142334,0.9751937389373779
6900,8,145,0.017118362709879875,24.97891616821289,0.9629628658294678
6920,8,165,0.05643389746546745,16.494945526123047,0.8595542311668396
6940,8,185,0.01824256032705307,20.900882720947266,0.936653196811676
6960,8,205,0.006486014928668737,31.825870513916016,0.9681311845779419
6980,8,225,0.03990313783288002,33.86817169189453,0.8808034658432007
7000,8,245,0.022884905338287354,22.03907585144043,0.9494744539260864
7020,8,265,0.013573415577411652,25.27155876159668,0.9675824642181396
7040,8,285,0.03784424066543579,21.010540008544922,0.8303543329238892
7060,8,305,0.03648829087615013,17.30750846862793,0.9079959392547607
7080,8,325,0.022024787962436676,24.647891998291016,0.9387457966804504
7100,8,345,0.014077260158956051,24.576313018798828,0.9630652666091919
7120,8,365,0.1400650590658188,12.766250610351562,0.829113245010376
7140,8,385,0.01501341350376606,27.92502212524414,0.9732215404510498
7160,8,405,0.005097390618175268,33.351806640625,0.981521487236023
7180,8,425,0.024737458676099777,20.487194061279297,0.9209252595901489
7200,8,445,0.03408905118703842,20.649559020996094,0.9181127548217773
7220,8,465,0.017140254378318787,23.397024154663086,0.9522486925125122
7240,8,485,0.025247126817703247,19.41999053955078,0.9357496500015259
7260,8,505,0.006301552057266235,28.20673942565918,0.9704511165618896
7280,8,525,0.01659814640879631,24.198522567749023,0.9259927868843079
7300,8,545,0.0583825558423996,15.881172180175781,0.8545868396759033
7320,8,565,0.019591493532061577,33.59764099121094,0.9597430229187012
7340,8,585,0.015741795301437378,24.843486785888672,0.9725466370582581
7360,8,605,0.03278696537017822,23.98149871826172,0.8798234462738037
7380,8,625,0.015249170362949371,22.300331115722656,0.9692784547805786
7400,8,645,0.03311474993824959,19.515178680419922,0.9159834384918213
7420,8,665,0.03970704972743988,17.299699783325195,0.8485584259033203
7440,8,685,0.029025088995695114,21.139911651611328,0.9415774345397949
7460,8,705,0.04522981867194176,18.003646850585938,0.8583415150642395
7480,8,725,0.03714781999588013,18.217464447021484,0.8806635141372681
7500,8,745,0.04061354324221611,16.143295288085938,0.8827172517776489
7520,8,765,0.013078061863780022,25.531883239746094,0.9657914042472839
7540,8,785,0.010732607915997505,30.470468521118164,0.9721676111221313
7560,8,805,0.03733489289879799,17.587814331054688,0.8595173954963684
7580,8,825,0.02155158296227455,21.38371467590332,0.9493480920791626
7600,8,845,0.005038629285991192,35.25811767578125,0.9923316240310669
7620,8,865,0.024637212976813316,19.962574005126953,0.9505143165588379
7640,8,885,0.06379809975624084,16.260730743408203,0.8126129508018494
7660,8,905,0.020857002586126328,25.084556579589844,0.9600895643234253
7680,8,925,0.06765912473201752,15.979705810546875,0.8059665560722351
7700,8,945,0.19597075879573822,29.522306442260742,0.775532603263855
7720,8,965,0.02214358001947403,22.960308074951172,0.9573479890823364
7740,9,20,0.010765629820525646,26.39527130126953,0.9727017879486084
7760,9,40,0.01926512084901333,23.34148406982422,0.9407018423080444
7780,9,60,0.04186728596687317,15.88538932800293,0.8900067806243896
7800,9,80,0.026021480560302734,21.001609802246094,0.9211705923080444
7820,9,100,0.053075432777404785,17.278470993041992,0.8606249094009399
7840,9,120,0.0067178173922002316,30.43691635131836,0.9797368049621582
7860,9,140,0.04589354991912842,16.59662628173828,0.8816677331924438
7880,9,160,0.03396368771791458,18.237462997436523,0.9338037967681885
7900,9,180,0.038807403296232224,17.778921127319336,0.8679676055908203
7920,9,200,0.014661246910691261,26.779272079467773,0.9564865231513977
7940,9,220,0.04444508999586105,18.144502639770508,0.8779457807540894
7960,9,240,0.02119896374642849,24.213472366333008,0.9401642084121704
7980,9,260,0.008168768137693405,29.141815185546875,0.9770143032073975
8000,9,280,0.016893930733203888,27.48999786376953,0.9601027965545654
8020,9,300,0.024661293253302574,25.437747955322266,0.9399846792221069
8040,9,320,0.017204781994223595,27.175094604492188,0.9760225415229797
8060,9,340,0.04243222624063492,14.957971572875977,0.8591797351837158
8080,9,360,0.010448980145156384,25.717041015625,0.9764454364776611
8100,9,380,0.04118075966835022,16.01444435119629,0.8227167129516602
8120,9,400,0.015922870486974716,24.806556701660156,0.9716897010803223
8140,9,420,0.047089338302612305,16.85506248474121,0.8810425996780396
8160,9,440,0.012658460065722466,38.598716735839844,0.9599369168281555
8180,9,460,0.01719263754785061,25.954166412353516,0.9746377468109131
8200,9,480,0.0184449665248394,36.111595153808594,0.9587032794952393
8220,9,500,0.006582766771316528,32.002044677734375,0.9589653611183167
8240,9,520,0.01617181859910488,24.606792449951172,0.9778827428817749
8260,9,540,0.013096585869789124,25.617328643798828,0.9783563613891602
8280,9,560,0.009604103863239288,38.93342208862305,0.9879312515258789
8300,9,580,0.20067700743675232,21.21222496032715,0.7266301512718201
8320,9,600,0.00940740667283535,28.743465423583984,0.9838846921920776
8340,9,620,0.022611189633607864,22.53542137145996,0.9235594272613525
8360,9,640,0.05727405101060867,18.181060791015625,0.8549671769142151
8380,9,660,0.01879790797829628,35.626747131347656,0.9500274062156677
8400,9,680,0.018435973674058914,22.728843688964844,0.8849146366119385
8420,9,700,0.02411292865872383,22.329891204833984,0.9275791645050049
8440,9,720,0.038537751883268356,15.7047758102417,0.8668028116226196
8460,9,740,0.019457437098026276,24.531944274902344,0.94731605052948
8480,9,760,0.009624971076846123,31.99945068359375,0.9898111820220947
8500,9,780,0.011286759749054909,30.327983856201172,0.9902516007423401
8520,9,800,0.037253912538290024,16.3637752532959,0.8794612884521484
8540,9,820,0.054955802857875824,22.289363861083984,0.9072984457015991
8560,9,840,0.021586060523986816,23.034523010253906,0.897398054599762
8580,9,860,0.013172762468457222,27.97199058532715,0.9827951192855835
8600,9,880,0.03106292150914669,19.18976593017578,0.9415485262870789
8620,9,900,0.0272566806524992,20.662960052490234,0.9548022150993347
8640,9,920,0.0313805490732193,20.028030395507812,0.916184663772583
8660,9,940,0.08037730306386948,12.288716316223145,0.7059746980667114
8680,9,960,0.008239347487688065,29.314119338989258,0.9862051606178284
8700,10,15,0.015848346054553986,25.556764602661133,0.9625527858734131
8720,10,35,0.019040176644921303,22.380950927734375,0.9460341930389404
8740,10,55,0.020476026460528374,21.574020385742188,0.9581482410430908
8760,10,75,0.04410408437252045,17.299270629882812,0.8984582424163818
8780,10,95,0.014952374622225761,22.213390350341797,0.967903733253479
8800,10,115,0.02491220459342003,22.387832641601562,0.9305558204650879
8820,10,135,0.015824344009160995,23.694751739501953,0.946273922920227
8840,10,155,0.03676728531718254,19.9421443939209,0.9090903401374817
8860,10,175,0.018214870244264603,20.154308319091797,0.957869291305542
8880,10,195,0.0075807124376297,27.67169189453125,0.9804691672325134
8900,10,215,0.03624853119254112,20.6234130859375,0.8959477543830872
8920,10,235,0.007968050427734852,32.02151107788086,0.9803276658058167
8940,10,255,0.015268134884536266,24.479820251464844,0.9506721496582031
8960,10,275,0.03169528767466545,18.09205436706543,0.8517919778823853
8980,10,295,0.03634098172187805,18.73696517944336,0.927063524723053
9000,10,315,0.004649646580219269,33.924537658691406,0.9915097951889038
9020,10,335,0.047960054129362106,17.38301658630371,0.8772413730621338
9040,10,355,0.02530662715435028,22.12697410583496,0.9203959703445435
9060,10,375,0.0386313796043396,18.691030502319336,0.8810380697250366
9080,10,395,0.019663546234369278,22.067596435546875,0.9556347727775574
9100,10,415,0.04146195575594902,16.349943161010742,0.8199417591094971
9120,10,435,0.03467043116688728,22.344993591308594,0.920669436454773
9140,10,455,0.019631676375865936,26.766063690185547,0.9442085027694702
9160,10,475,0.07496871799230576,21.503822326660156,0.8326029777526855
9180,10,495,0.016484597697854042,37.01482391357422,0.9607449769973755
9200,10,515,0.01757657527923584,19.556087493896484,0.9383379220962524
9220,10,535,0.004151069559156895,33.78745651245117,0.99383544921875
9240,10,555,0.02131369523704052,21.787559509277344,0.929267168045044
9260,10,575,0.00807398371398449,28.5798397064209,0.9836689829826355
9280,10,595,0.019771631807088852,22.145889282226562,0.9405529499053955
9300,10,615,0.014920915476977825,25.409902572631836,0.9644485712051392
9320,10,635,0.01891816221177578,22.41313934326172,0.9457322359085083
9340,10,655,0.07701851427555084,17.232749938964844,0.8492283821105957
9360,10,675,0.030419260263442993,27.870723724365234,0.898483157157898
9380,10,695,0.006995132192969322,27.496723175048828,0.9784532189369202
9400,10,715,0.010957635939121246,36.433685302734375,0.9666508436203003
9420,10,735,0.03467381000518799,21.55714988708496,0.9047613143920898
9440,10,755,0.015439316630363464,25.685508728027344,0.9729968905448914
9460,10,775,0.025969868525862694,18.567665100097656,0.9223569631576538
9480,10,795,0.02146890014410019,23.311830520629883,0.964949369430542
9500,10,815,0.006721788551658392,31.680252075195312,0.9892189502716064
9520,10,835,0.005832811817526817,29.139450073242188,0.9866536259651184
9540,10,855,0.01630127988755703,25.0139102935791,0.9517077207565308
9560,10,875,0.013962289318442345,25.96778106689453,0.9724617600440979
9580,10,895,0.016651418060064316,27.033676147460938,0.9586920738220215
9600,10,915,0.009968526661396027,40.46961975097656,0.9705913662910461
9620,10,935,0.027748655527830124,18.286571502685547,0.9138847589492798
9640,10,955,0.015490878373384476,36.31715393066406,0.9619318246841431
9660,11,10,0.018555326387286186,28.436206817626953,0.9709645509719849
9680,11,30,0.03406853228807449,16.464752197265625,0.8885270357131958
9700,11,50,0.027809947729110718,19.64995002746582,0.8875328898429871
9720,11,70,0.011011697351932526,28.426511764526367,0.9726041555404663
9740,11,90,0.007791941519826651,33.68439483642578,0.9861106276512146
9760,11,110,0.04237837716937065,16.194225311279297,0.8767838478088379
9780,11,130,0.027832340449094772,20.72799301147461,0.9317261576652527
9800,11,150,0.05493762716650963,16.96497344970703,0.8710141181945801
9820,11,170,0.032830074429512024,22.559619903564453,0.9186182022094727
9840,11,190,0.01703866571187973,24.54665184020996,0.9595803022384644
9860,11,210,0.053209543228149414,15.691710472106934,0.8633172512054443
9880,11,230,0.00941321812570095,32.26594924926758,0.9842826128005981
9900,11,250,0.023729518055915833,20.606937408447266,0.9248949289321899
9920,11,270,0.007366371341049671,31.02051544189453,0.9852331876754761
9940,11,290,0.016373371705412865,24.96954345703125,0.9746642112731934
9960,11,310,0.03405274078249931,22.062042236328125,0.8850716352462769
9980,11,330,0.03133004158735275,21.339824676513672,0.9303157925605774
10000,11,350,0.023433681577444077,23.996376037597656,0.9379062652587891
10020,11,370,0.04412166401743889,20.241012573242188,0.9123965501785278
10040,11,390,0.051271699368953705,15.23105239868164,0.8121654987335205
10060,11,410,0.02101893536746502,24.174022674560547,0.9365217685699463
10080,11,430,0.0043180882930755615,34.248966217041016,0.989917516708374
10100,11,450,0.031182026490569115,19.994049072265625,0.9358615875244141
10120,11,470,0.025387903675436974,23.613826751708984,0.9582768678665161
10140,11,490,0.05378199368715286,21.479907989501953,0.9176779985427856
10160,11,510,0.023815050721168518,20.206022262573242,0.9403645396232605
10180,11,530,0.047774918377399445,16.169221878051758,0.8181817531585693
10200,11,550,0.009420341812074184,30.85796356201172,0.9881197214126587
10220,11,570,0.007399243768304586,31.75945281982422,0.9862837195396423
10240,11,590,0.013570336624979973,22.463050842285156,0.9446535110473633
10260,11,610,0.04332252964377403,15.980888366699219,0.887033224105835
10280,11,630,0.008290594443678856,28.023906707763672,0.9808512926101685
10300,11,650,0.020354939624667168,24.620479583740234,0.9653997421264648
10320,11,670,0.009719720110297203,30.958200454711914,0.9782865643501282
10340,11,690,0.026752136647701263,21.909305572509766,0.9511023759841919
10360,11,710,0.016264431178569794,28.249679565429688,0.9690430164337158
10380,11,730,0.028666283935308456,28.463424682617188,0.8894295692443848
10400,11,750,0.013890932314097881,22.879985809326172,0.9457195997238159
10420,11,770,0.23733386397361755,15.599717140197754,0.662101149559021
10440,11,790,0.021181851625442505,18.861507415771484,0.9152050018310547
10460,11,810,0.03604178875684738,20.834556579589844,0.8680135011672974
10480,11,830,0.04198792576789856,15.600943565368652,0.8588289022445679
10500,11,850,0.008940382860600948,28.612987518310547,0.9847012758255005
10520,11,870,0.024689804762601852,19.781936645507812,0.9301114082336426
10540,11,890,0.024442782625555992,34.623634338378906,0.9395060539245605
10560,11,910,0.007689771708101034,29.25262451171875,0.9813237190246582
10580,11,930,0.02314775250852108,24.739715576171875,0.9302685260772705
10600,11,950,0.026242148131132126,18.669527053833008,0.9213860034942627
10620,12,5,0.014695320278406143,27.046142578125,0.9661814570426941
10640,12,25,0.012754588387906551,29.43218231201172,0.9868806600570679
10660,12,45,0.013472638092935085,23.716140747070312,0.970907986164093
10680,12,65,0.012003034353256226,28.185014724731445,0.9869390726089478
10700,12,85,0.018538063392043114,26.354310989379883,0.9721574783325195
10720,12,105,0.004376275464892387,33.1324462890625,0.9919759035110474
10740,12,125,0.021741047501564026,22.895790100097656,0.9383628368377686
10760,12,145,0.05779040604829788,15.744267463684082,0.8204330205917358
10780,12,165,0.01634109951555729,20.133079528808594,0.9454659223556519
10800,12,185,0.005829896777868271,31.236705780029297,0.990429162979126
10820,12,205,0.030338104814291,18.22490119934082,0.8930821418762207
10840,12,225,0.029308369383215904,18.886260986328125,0.9185726046562195
10860,12,245,0.008631052449345589,39.974525451660156,0.9864338636398315
10880,12,265,0.03231479227542877,19.43838882446289,0.858283281326294
10900,12,285,0.03469293192028999,18.623260498046875,0.8906845450401306
10920,12,305,0.01882454752922058,24.362337112426758,0.9631931185722351
10940,12,325,0.026281533762812614,18.389236450195312,0.9197084903717041
10960,12,345,0.010838250629603863,29.31801986694336,0.9805724024772644
10980,12,365,0.009889304637908936,37.5606803894043,0.9715201258659363
11000,12,385,0.014339381828904152,25.280597686767578,0.9645897150039673
11020,12,405,0.03466928005218506,17.986534118652344,0.9409283399581909
11040,12,425,0.04241304099559784,17.628925323486328,0.8710188269615173
11060,12,445,0.011369571089744568,26.21759796142578,0.9849975109100342
11080,12,465,0.019911309704184532,23.198684692382812,0.9419448375701904
11100,12,485,0.019405443221330643,24.914539337158203,0.9700134992599487
11120,12,505,0.05395328253507614,17.070377349853516,0.8333257436752319
11140,12,525,0.011860096827149391,25.52923583984375,0.9716780185699463
11160,12,545,0.01854504644870758,24.635719299316406,0.9474959373474121
11180,12,565,0.015603423118591309,24.933792114257812,0.9445432424545288
11200,12,585,0.04646759852766991,20.04452133178711,0.9150232672691345
11220,12,605,0.013174831867218018,25.76494026184082,0.9480170011520386
11240,12,625,0.01905636116862297,22.39861488342285,0.9336388111114502
11260,12,645,0.020731469616293907,20.077823638916016,0.9484038352966309
11280,12,665,0.025770366191864014,23.766952514648438,0.9345439672470093
11300,12,685,0.016403529793024063,24.305442810058594,0.9689908027648926
11320,12,705,0.012766349129378796,27.293113708496094,0.9793676733970642
11340,12,725,0.012997357174754143,24.53400421142578,0.9499335289001465
11360,12,745,0.06023990362882614,17.16185188293457,0.8035620450973511
11380,12,765,0.021141914650797844,21.8497314453125,0.9390753507614136
11400,12,785,0.015534932725131512,24.89068603515625,0.9732605218887329
11420,12,805,0.011029320769011974,28.457000732421875,0.9716903567314148
11440,12,825,0.017908059060573578,24.00139617919922,0.9710150957107544
11460,12,845,0.019737815484404564,22.751712799072266,0.9585778713226318
11480,12,865,0.011322209611535072,25.497209548950195,0.9705262184143066
11500,12,885,0.11423270404338837,19.29070281982422,0.8237415552139282
11520,12,905,0.0057051884941756725,31.489410400390625,0.991814374923706
11540,12,925,0.01508781872689724,22.480438232421875,0.9533605575561523
11560,12,945,0.015555502846837044,21.354450225830078,0.9550468921661377
11580,12,965,0.008289104327559471,32.11912536621094,0.9868955016136169
11600,13,20,0.030391238629817963,17.57863426208496,0.9247132539749146
11620,13,40,0.023592378944158554,21.098583221435547,0.9343851208686829
11640,13,60,0.01643173210322857,21.615787506103516,0.9507803916931152
11660,13,80,0.0178242027759552,24.308168411254883,0.973689615726471
11680,13,100,0.011898338794708252,23.200685501098633,0.9734565019607544
11700,13,120,0.01775071956217289,22.940427780151367,0.9587875604629517
11720,13,140,0.06201653182506561,13.427141189575195,0.762789785861969
11740,13,160,0.011372420936822891,25.568918228149414,0.964633584022522
11760,13,180,0.008632313460111618,25.783443450927734,0.9793369770050049
11780,13,200,0.009729491546750069,27.92656135559082,0.9767752885818481
11800,13,220,0.02655954286456108,19.44115447998047,0.900972843170166
11820,13,240,0.035519711673259735,19.576248168945312,0.9263701438903809
11840,13,260,0.01914583332836628,23.59130859375,0.970087468624115
11860,13,280,0.019458724185824394,19.708778381347656,0.9243658781051636
11880,13,300,0.04228449985384941,22.974853515625,0.920182466506958
11900,13,320,0.01490956824272871,24.39685821533203,0.9676488637924194
11920,13,340,0.004967076703906059,32.42973327636719,0.9892614483833313
11940,13,360,0.013105186633765697,26.598655700683594,0.9746226072311401
11960,13,380,0.011691903695464134,29.526145935058594,0.9877829551696777
11980,13,400,0.012736942619085312,26.959110260009766,0.9549143314361572
12000,13,420,0.008781418204307556,29.153118133544922,0.9839421510696411
12020,13,440,0.011957434937357903,25.954822540283203,0.9709113836288452
12040,13,460,0.020855195820331573,20.278539657592773,0.9618738293647766
12060,13,480,0.1784023493528366,11.434256553649902,0.7459897994995117
12080,13,500,0.027729874476790428,24.911304473876953,0.9389253854751587
12100,13,520,0.013192011043429375,33.984336853027344,0.965152382850647
12120,13,540,0.024203523993492126,20.977046966552734,0.9343152046203613
12140,13,560,0.02577834576368332,21.513395309448242,0.9324934482574463
12160,13,580,0.030540985986590385,21.052215576171875,0.9257529973983765
12180,13,600,0.045727115124464035,16.889039993286133,0.7801381349563599
12200,13,620,0.004898160696029663,32.468223571777344,0.9891265630722046
12220,13,640,0.011322436854243279,36.05325698852539,0.9605993032455444
12240,13,660,0.01589251309633255,30.578685760498047,0.9501601457595825
12260,13,680,0.03328371047973633,20.45050811767578,0.9264078140258789
12280,13,700,0.05740159749984741,20.024057388305664,0.7907843589782715
12300,13,720,0.06062259525060654,20.957504272460938,0.8845326900482178
12320,13,740,0.026660576462745667,21.18938446044922,0.9350402355194092
12340,13,760,0.011052597314119339,27.5421085357666,0.9788211584091187
12360,13,780,0.009698258712887764,29.766231536865234,0.9864100217819214
12380,13,800,0.032730527222156525,20.604755401611328,0.8672431707382202
12400,13,820,0.030412212014198303,19.39008331298828,0.9421265125274658
12420,13,840,0.0221584253013134,21.871063232421875,0.963280200958252
12440,13,860,0.0255710631608963,20.537757873535156,0.935117244720459
12460,13,880,0.016142696142196655,25.262248992919922,0.9678418636322021
12480,13,900,0.02685416303575039,24.13161277770996,0.9172254800796509
12500,13,920,0.01268410962074995,21.69164276123047,0.969023585319519
12520,13,940,0.0387786328792572,24.912445068359375,0.8999330401420593
12540,13,960,0.04039239138364792,17.112106323242188,0.8666375279426575
12560,14,15,0.018636852502822876,19.97193717956543,0.9392410516738892
12580,14,35,0.02161911129951477,26.248779296875,0.9410479068756104
12600,14,55,0.0731477290391922,13.939172744750977,0.7822971343994141
12620,14,75,0.013883017003536224,26.860698699951172,0.969767689704895
12640,14,95,0.24215108156204224,15.398005485534668,0.6746304035186768
12660,14,115,0.013512082397937775,28.29009246826172,0.9755092859268188
12680,14,135,0.03174731880426407,19.168140411376953,0.933704137802124
12700,14,155,0.024513116106390953,20.027698516845703,0.9394456148147583
12720,14,175,0.023336946964263916,19.707584381103516,0.9486596584320068
12740,14,195,0.01599917560815811,26.169523239135742,0.9784325361251831
12760,14,215,0.02013111487030983,26.625900268554688,0.9299359321594238
12780,14,235,0.026832042261958122,22.7838134765625,0.891525149345398
12800,14,255,0.012335668317973614,23.686779022216797,0.9729973077774048
12820,14,275,0.02212047204375267,18.53611183166504,0.9324370622634888
12840,14,295,0.00946176890283823,26.684646606445312,0.9756113886833191
12860,14,315,0.035124268382787704,18.799598693847656,0.9186471700668335
12880,14,335,0.0060972971841692924,37.14527130126953,0.9826892614364624
12900,14,355,0.01992059126496315,22.989730834960938,0.9506232142448425
12920,14,375,0.03208767622709274,20.11988067626953,0.9092089533805847
12940,14,395,0.038479361683130264,16.923450469970703,0.9032582640647888
12960,14,415,0.012489947490394115,29.104976654052734,0.9872255325317383
12980,14,435,0.01345573365688324,22.667102813720703,0.9452630281448364
13000,14,455,0.011477025225758553,23.921310424804688,0.9680524468421936
13020,14,475,0.01906200312077999,24.63414764404297,0.9727516770362854
13040,14,495,0.02887481451034546,24.276296615600586,0.9344286918640137
13060,14,515,0.036114402115345,16.460594177246094,0.8679501414299011
13080,14,535,0.017633676528930664,23.586252212524414,0.956992506980896
13100,14,555,0.023237422108650208,21.381488800048828,0.9374892711639404
13120,14,575,0.043236374855041504,15.564539909362793,0.8798226118087769
13140,14,595,0.01469468604773283,23.515945434570312,0.9642971158027649
13160,14,615,0.01923799142241478,25.706666946411133,0.9677175283432007
13180,14,635,0.010166908614337444,26.912729263305664,0.9783405065536499
13200,14,655,0.02174258790910244,22.870513916015625,0.9162826538085938
13220,14,675,0.01766645722091198,21.871055603027344,0.9503318071365356
13240,14,695,0.009187396615743637,27.02776336669922,0.9817756414413452
13260,14,715,0.014273179695010185,26.852502822875977,0.968961775302887
13280,14,735,0.006665614899247885,27.808921813964844,0.9774605631828308
13300,14,755,0.021512707695364952,21.594717025756836,0.9374266266822815
13320,14,775,0.015886012464761734,21.931055068969727,0.9568072557449341
13340,14,795,0.015739716589450836,21.81078338623047,0.9376665353775024
13360,14,815,0.05138183757662773,15.019916534423828,0.8398093581199646
13380,14,835,0.04012860357761383,17.13669204711914,0.8770087957382202
13400,14,855,0.019921710714697838,36.419700622558594,0.9304473400115967
13420,14,875,0.02271333336830139,23.729736328125,0.9677207469940186
13440,14,895,0.022593891248106956,19.072975158691406,0.8838028311729431
13460,14,915,0.01931382343173027,22.420974731445312,0.960657000541687
13480,14,935,0.01960190013051033,23.039928436279297,0.940294623374939
13500,14,955,0.021324794739484787,26.999229431152344,0.9472219347953796
13520,15,10,0.07295886427164078,17.633563995361328,0.9008926153182983
13540,15,30,0.07554279267787933,19.654279708862305,0.8329277038574219
13560,15,50,0.00610035564750433,30.695613861083984,0.9911249876022339
13580,15,70,0.013936305418610573,24.145122528076172,0.9609629511833191
13600,15,90,0.02133524976670742,19.310569763183594,0.9240444302558899
13620,15,110,0.035610441118478775,17.04946517944336,0.8971368074417114
13640,15,130,0.054987769573926926,27.789812088012695,0.84225994348526
13660,15,150,0.012340422719717026,37.20575714111328,0.954495906829834
13680,15,170,0.016236167401075363,23.50429916381836,0.9716590642929077
13700,15,190,0.014890247955918312,23.800090789794922,0.962398886680603
13720,15,210,0.029469743371009827,18.240779876708984,0.9133435487747192
13740,15,230,0.01859423518180847,26.178363800048828,0.9627993702888489
13760,15,250,0.019133226945996284,20.58294677734375,0.9478288888931274
13780,15,270,0.023286499083042145,21.275707244873047,0.939988374710083
13800,15,290,0.007801405619829893,30.538429260253906,0.9892523884773254
13820,15,310,0.02640017680823803,22.272052764892578,0.9228206872940063
13840,15,330,0.016347534954547882,26.82766342163086,0.907872200012207
13860,15,350,0.021533725783228874,21.128421783447266,0.9294692277908325
13880,15,370,0.0697639137506485,17.097068786621094,0.8382062315940857
13900,15,390,0.014232429675757885,37.69929885864258,0.9681689739227295
13920,15,410,0.00884202029556036,38.33544158935547,0.9801081418991089
13940,15,430,0.01773064024746418,23.919662475585938,0.957931399345398
13960,15,450,0.027829555794596672,32.5474739074707,0.8877975344657898
13980,15,470,0.01498778723180294,24.89545249938965,0.9610497951507568
14000,15,490,0.02997989021241665,18.80295753479004,0.9050464630126953
14020,15,510,0.036654941737651825,23.68341636657715,0.8694677352905273
14040,15,530,0.02429547905921936,24.802818298339844,0.9551475048065186
14060,15,550,0.01631234586238861,21.752304077148438,0.9523679614067078
14080,15,570,0.012637181207537651,27.02900505065918,0.9614154100418091
14100,15,590,0.032383792102336884,17.086669921875,0.8344299793243408
14120,15,610,0.033581506460905075,20.037351608276367,0.9005981683731079
14140,15,630,0.0076319193467497826,28.381725311279297,0.9826136827468872
14160,15,650,0.009684780612587929,27.515047073364258,0.9858158826828003
14180,15,670,0.024251824244856834,23.89978790283203,0.9184497594833374
14200,15,690,0.012063647620379925,25.148361206054688,0.9780079126358032
14220,15,710,0.03170892596244812,17.23076629638672,0.8926548957824707
14240,15,730,0.009587339125573635,24.635704040527344,0.9456503391265869
14260,15,750,0.016819404438138008,21.099624633789062,0.942818284034729
14280,15,770,0.014636175706982613,25.009342193603516,0.9405839443206787
14300,15,790,0.018491514027118683,22.152690887451172,0.9617432355880737
14320,15,810,0.029069935902953148,23.751768112182617,0.9310696125030518
14340,15,830,0.03316687420010567,22.68923568725586,0.9336038827896118
14360,15,850,0.014138679020106792,22.469778060913086,0.9608275890350342
14380,15,870,0.011875967495143414,27.962215423583984,0.9859341382980347
14400,15,890,0.015576100908219814,25.650409698486328,0.9757629632949829
14420,15,910,0.029857775196433067,18.96480941772461,0.8638020157814026
14440,15,930,0.026179134845733643,19.38475799560547,0.931279718875885
14460,15,950,0.027957303449511528,19.744380950927734,0.9008728861808777
14480,16,5,0.010427667759358883,26.631704330444336,0.9740236401557922
14500,16,25,0.06972363591194153,17.826072692871094,0.8503173589706421
14520,16,45,0.01831793040037155,21.393159866333008,0.9571324586868286
14540,16,65,0.02326907031238079,24.25732421875,0.9509637355804443
14560,16,85,0.02418878674507141,25.40098762512207,0.9325782060623169
14580,16,105,0.0060627758502960205,38.05231857299805,0.9767354130744934
14600,16,125,0.004980871453881264,34.31117248535156,0.9932838678359985
14620,16,145,0.01623600907623768,20.770694732666016,0.9585529565811157
14640,16,165,0.027458272874355316,19.779905319213867,0.9282923936843872
14660,16,185,0.003366057528182864,35.48735809326172,0.9909508228302002
14680,16,205,0.018175406381487846,27.3294620513916,0.9544106125831604
14700,16,225,0.014506777748465538,25.707590103149414,0.9777382612228394
14720,16,245,0.016705000773072243,28.237621307373047,0.966105580329895
14740,16,265,0.0955038070678711,17.531721115112305,0.8825482130050659
14760,16,285,0.02043289691209793,22.915176391601562,0.9531630873680115
14780,16,305,0.034024082124233246,20.631505966186523,0.9301966428756714
14800,16,325,0.01785603165626526,22.983600616455078,0.9344269037246704
14820,16,345,0.02518623135983944,26.700855255126953,0.9250839352607727
14840,16,365,0.01770012080669403,20.767288208007812,0.9288355112075806
14860,16,385,0.03295635059475899,17.844730377197266,0.8910034894943237
14880,16,405,0.02134886384010315,19.925540924072266,0.9491444826126099
14900,16,425,0.022040273994207382,28.82526397705078,0.9515278339385986
14920,16,445,0.009213840588927269,31.058631896972656,0.9903935194015503
14940,16,465,0.029373139142990112,22.78058624267578,0.9042376279830933
14960,16,485,0.013030658476054668,26.095870971679688,0.98309326171875
14980,16,505,0.015248063020408154,25.571910858154297,0.9769877791404724
15000,16,525,0.020371858030557632,21.550073623657227,0.9410055875778198
15020,16,545,0.01769779436290264,32.17914581298828,0.9402823448181152
15040,16,565,0.018483251333236694,23.6455078125,0.9423003196716309
15060,16,585,0.014650728553533554,24.749515533447266,0.9732214212417603
15080,16,605,0.01670609973371029,21.222314834594727,0.9404775500297546
15100,16,625,0.013915285468101501,24.779071807861328,0.974014401435852
15120,16,645,0.059709131717681885,20.11427116394043,0.831749439239502
15140,16,665,0.016076769679784775,24.72732925415039,0.960213303565979
15160,16,685,0.011854379437863827,26.756309509277344,0.9802271127700806
15180,16,705,0.022465622052550316,20.551231384277344,0.8760164976119995
15200,16,725,0.009608637541532516,29.11592674255371,0.9889941215515137
15220,16,745,0.020309247076511383,29.63064956665039,0.9431218504905701
15240,16,765,0.0340559184551239,17.90569305419922,0.8915939927101135
15260,16,785,0.007773418910801411,30.164350509643555,0.9898658990859985
15280,16,805,0.07804921269416809,17.1080379486084,0.8157256245613098
15300,16,825,0.1116916686296463,18.409616470336914,0.8427718281745911
15320,16,845,0.02336275205016136,19.8704833984375,0.9341650009155273
15340,16,865,0.009611224755644798,29.672012329101562,0.9686258435249329
15360,16,885,0.015320004895329475,25.218914031982422,0.9661524295806885
15380,16,905,0.0043891919776797295,35.39594268798828,0.9907833337783813
15400,16,925,0.018086500465869904,24.91323471069336,0.9612832069396973
15420,16,945,0.02597590908408165,18.623952865600586,0.910597562789917
15440,16,965,0.01712864264845848,36.69255065917969,0.9618276357650757
15460,17,20,0.04096483439207077,17.04207420349121,0.8853490352630615
15480,17,40,0.011717623099684715,27.00948143005371,0.9672760963439941
15500,17,60,0.021128997206687927,21.806089401245117,0.9444732666015625
15520,17,80,0.026348426938056946,20.538970947265625,0.940448522567749
15540,17,100,0.03409671038389206,18.070280075073242,0.8668285012245178
15560,17,120,0.0156882181763649,25.479095458984375,0.9540395736694336
15580,17,140,0.016193440183997154,21.959033966064453,0.9453334808349609
15600,17,160,0.023689113557338715,19.281972885131836,0.9251176118850708
15620,17,180,0.016057919710874557,21.71585464477539,0.9420163631439209
15640,17,200,0.018733959645032883,23.616973876953125,0.9614309668540955
15660,17,220,0.04558727145195007,17.053104400634766,0.8794405460357666
15680,17,240,0.012131149880588055,29.317363739013672,0.9888140559196472
15700,17,260,0.035533707588911057,19.352962493896484,0.8735760450363159
15720,17,280,0.017351942136883736,29.29363250732422,0.9872837066650391
15740,17,300,0.013730986043810844,29.088903427124023,0.9740027189254761
15760,17,320,0.01745385304093361,20.89726448059082,0.9594776630401611
15780,17,340,0.02145831100642681,21.070064544677734,0.9504556655883789
15800,17,360,0.020928483456373215,22.017311096191406,0.9301173686981201
15820,17,380,0.01882137730717659,22.867069244384766,0.9628677368164062
15840,17,400,0.0066326698288321495,30.796092987060547,0.9865990877151489
15860,17,420,0.026679961010813713,21.869667053222656,0.9472788572311401
15880,17,440,0.07084516435861588,17.876907348632812,0.8539623022079468
15900,17,460,0.01701987534761429,23.2149600982666,0.964924693107605
15920,17,480,0.047725122421979904,14.595609664916992,0.8626695871353149
15940,17,500,0.04345324635505676,16.750463485717773,0.8566070795059204
15960,17,520,0.029528653249144554,18.742969512939453,0.9046897888183594
15980,17,540,0.12386363744735718,18.0968074798584,0.8344426155090332
16000,17,560,0.016564691439270973,22.495180130004883,0.9623563289642334
16020,17,580,0.058586012572050095,18.053373336791992,0.8070645928382874
16040,17,600,0.025856774300336838,20.22458267211914,0.940386176109314
16060,17,620,0.01695500686764717,23.657299041748047,0.9390470385551453
16080,17,640,0.01576130837202072,26.88390350341797,0.9836821556091309
16100,17,660,0.01988718844950199,22.2203369140625,0.9711472988128662
16120,17,680,0.0034894291311502457,47.432472229003906,0.9932916164398193
16140,17,700,0.040005818009376526,17.861101150512695,0.9175093173980713
16160,17,720,0.061881355941295624,14.524543762207031,0.8216569423675537
16180,17,740,0.006751134060323238,27.980712890625,0.9852155447006226
16200,17,760,0.05892285332083702,17.683563232421875,0.8348326683044434
16220,17,780,0.019786842167377472,20.82466697692871,0.9443771839141846
16240,17,800,0.011766767129302025,30.091632843017578,0.9877955913543701
16260,17,820,0.01714952103793621,21.039525985717773,0.9643704891204834
16280,17,840,0.035651903599500656,21.998443603515625,0.8582922220230103
16300,17,860,0.045388177037239075,16.257360458374023,0.8490233421325684
16320,17,880,0.014059535227715969,25.551921844482422,0.9782956838607788
16340,17,900,0.024192800745368004,27.763334274291992,0.9064348936080933
16360,17,920,0.0060023958794772625,41.68431091308594,0.9932368993759155
16380,17,940,0.00659781601279974,41.399600982666016,0.9890799522399902
16400,17,960,0.041939668357372284,18.428829193115234,0.8924657106399536
16420,18,15,0.03386162593960762,19.470760345458984,0.9125245809555054
16440,18,35,0.012186664156615734,26.52381134033203,0.9811173677444458
16460,18,55,0.013404814526438713,23.00581932067871,0.9527888894081116
16480,18,75,0.010617895983159542,23.58585548400879,0.9786406755447388
16500,18,95,0.03563869744539261,21.345531463623047,0.8806860446929932
16520,18,115,0.05893498659133911,15.175400733947754,0.7890727519989014
16540,18,135,0.0074396198615431786,39.08259582519531,0.9788981676101685
16560,18,155,0.04535768926143646,19.077253341674805,0.832349419593811
16580,18,175,0.015598200261592865,24.430789947509766,0.9670428037643433
16600,18,195,0.009606536477804184,27.18218994140625,0.9661633372306824
16620,18,215,0.018969474360346794,22.95269775390625,0.957552969455719
16640,18,235,0.002996038179844618,39.06977081298828,0.9899746179580688
16660,18,255,0.009660143405199051,26.882537841796875,0.9809409379959106
16680,18,275,0.01691838726401329,20.39475440979004,0.9412914514541626
16700,18,295,0.03865242749452591,17.84342384338379,0.8819468021392822
16720,18,315,0.06743951886892319,18.506319046020508,0.8046040534973145
16740,18,335,0.02721867337822914,19.923274993896484,0.9146641492843628
16760,18,355,0.024395426735281944,21.86469841003418,0.9393168687820435
16780,18,375,0.012637908570468426,26.11587905883789,0.9634624719619751
16800,18,395,0.011885484680533409,28.458866119384766,0.9804224967956543
16820,18,415,0.012289650738239288,24.987037658691406,0.9725156426429749
16840,18,435,0.008835790678858757,29.64992904663086,0.9830685257911682
16860,18,455,0.012305202893912792,25.550031661987305,0.9730569124221802
16880,18,475,0.011510702781379223,24.44379997253418,0.974547266960144
16900,18,495,0.04918850585818291,19.52145767211914,0.8897414207458496
16920,18,515,0.006248823367059231,27.149272918701172,0.9894628524780273
16940,18,535,0.010478463023900986,26.999679565429688,0.9755034446716309
16960,18,555,0.022067274898290634,34.663490295410156,0.9469913840293884
16980,18,575,0.022640658542513847,24.526735305786133,0.9146977663040161
17000,18,595,0.012924222275614738,24.651748657226562,0.9682527780532837
17020,18,615,0.017291834577918053,24.188243865966797,0.966299295425415
17040,18,635,0.02497035637497902,19.937023162841797,0.9355114698410034
17060,18,655,0.01683984324336052,23.711233139038086,0.9548783302307129
17080,18,675,0.03094193898141384,18.557016372680664,0.9048457145690918
17100,18,695,0.05303351208567619,16.92941665649414,0.894856333732605
17120,18,715,0.003870581742376089,35.304115295410156,0.9819661378860474
17140,18,735,0.0032516249921172857,32.91079330444336,0.9865198731422424
17160,18,755,0.006469654850661755,27.805740356445312,0.9881457090377808
17180,18,775,0.016717063263058662,21.95840835571289,0.9374477863311768
17200,18,795,0.008042528294026852,40.226318359375,0.9814648628234863
17220,18,815,0.008662772364914417,27.267532348632812,0.9614625573158264
17240,18,835,0.021799087524414062,22.955684661865234,0.9430408477783203
17260,18,855,0.02512943558394909,20.535511016845703,0.9234341382980347
17280,18,875,0.014507882297039032,25.288654327392578,0.9628652334213257
17300,18,895,0.020100578665733337,22.75983428955078,0.9514285922050476
17320,18,915,0.014334388077259064,26.009262084960938,0.9617573022842407
17340,18,935,0.013140696100890636,28.581157684326172,0.9826685190200806
17360,18,955,0.017185337841510773,22.828765869140625,0.9467445015907288
17380,19,10,0.00996605958789587,30.90526580810547,0.9873831272125244
17400,19,30,0.0234671737998724,23.42226791381836,0.942974328994751
17420,19,50,0.012807736173272133,26.336965560913086,0.9774733185768127
17440,19,70,0.018037905916571617,24.978490829467773,0.9646958112716675
17460,19,90,0.008487428538501263,32.360599517822266,0.9820137619972229
17480,19,110,0.052312664687633514,15.235601425170898,0.8391441106796265
17500,19,130,0.03496504947543144,18.959918975830078,0.9177688360214233
17520,19,150,0.023287884891033173,41.28557205200195,0.9448429346084595
17540,19,170,0.031389228999614716,21.802602767944336,0.9326187372207642
17560,19,190,0.04849569499492645,16.58332633972168,0.8656995892524719
17580,19,210,0.015498536638915539,26.666318893432617,0.9572205543518066
17600,19,230,0.013756345957517624,23.543054580688477,0.9680359363555908
17620,19,250,0.032316599041223526,18.756290435791016,0.9280580282211304
17640,19,270,0.012013062834739685,22.321258544921875,0.9580062627792358
17660,19,290,0.043371181935071945,15.567832946777344,0.809332013130188
17680,19,310,0.00999695248901844,26.23525047302246,0.9685208201408386
17700,19,330,0.03242222219705582,17.307693481445312,0.9304326772689819
17720,19,350,0.007308985106647015,29.103139877319336,0.9834014177322388
17740,19,370,0.03130059689283371,17.99310302734375,0.9370458722114563
17760,19,390,0.02862716279923916,24.836727142333984,0.8864566087722778
17780,19,410,0.025019299238920212,21.330890655517578,0.9463907480239868
17800,19,430,0.006188597530126572,27.88166046142578,0.9865671396255493
17820,19,450,0.011129945516586304,24.034889221191406,0.9741644263267517
17840,19,470,0.009263168089091778,25.671985626220703,0.969989001750946
17860,19,490,0.01586654596030712,25.12973976135254,0.9487146139144897
17880,19,510,0.017810558900237083,24.490633010864258,0.9728456139564514
17900,19,530,0.012075474485754967,23.21245574951172,0.9634367227554321
17920,19,550,0.015602869912981987,23.728931427001953,0.9613697528839111
17940,19,570,0.046228379011154175,15.084186553955078,0.8344614505767822
17960,19,590,0.011615585535764694,28.8463134765625,0.9852426052093506
17980,19,610,0.013298037461936474,28.209672927856445,0.9871819019317627
18000,19,630,0.02339942567050457,19.1949462890625,0.927411675453186
18020,19,650,0.0315069779753685,18.681800842285156,0.9333808422088623
18040,19,670,0.01338072121143341,25.298931121826172,0.9632831811904907
18060,19,690,0.014861739240586758,26.075597763061523,0.9614756107330322
18080,19,710,0.007847371511161327,29.598989486694336,0.9896646738052368
18100,19,730,0.014916149899363518,27.685150146484375,0.9629177451133728
18120,19,750,0.021941181272268295,21.289024353027344,0.9467719793319702
18140,19,770,0.03108714520931244,22.397109985351562,0.9361417293548584
18160,19,790,0.03213329240679741,18.099964141845703,0.9081165790557861
18180,19,810,0.023403778672218323,20.485597610473633,0.928652286529541
18200,19,830,0.009401596151292324,27.88555145263672,0.9826722145080566
18220,19,850,0.006428766995668411,30.34339141845703,0.9898972511291504
18240,19,870,0.03524003177881241,16.751249313354492,0.8889181017875671
18260,19,890,0.019870903342962265,22.281909942626953,0.9415980577468872
18280,19,910,0.015941834077239037,30.250885009765625,0.9459817409515381
18300,19,930,0.04128057882189751,16.95880126953125,0.8944926261901855
18320,19,950,0.023642759770154953,25.109451293945312,0.9455671906471252
18340,20,5,0.015530113130807877,21.758697509765625,0.9598852396011353
18360,20,25,0.005987226497381926,29.152244567871094,0.9824813604354858
18380,20,45,0.01057283766567707,25.75356674194336,0.9632865190505981
18400,20,65,0.014625517651438713,24.951099395751953,0.9605600833892822
18420,20,85,0.022816482931375504,22.979230880737305,0.9482134580612183
18440,20,105,0.021114066243171692,35.048561096191406,0.9198297262191772
18460,20,125,0.009205805137753487,31.133777618408203,0.9925491809844971
18480,20,145,0.02745276689529419,18.92991828918457,0.9248014688491821
18500,20,165,0.028000911697745323,27.5246639251709,0.9174588918685913
18520,20,185,0.012816949747502804,26.582942962646484,0.9721747040748596
18540,20,205,0.023729033768177032,25.021610260009766,0.935600757598877
18560,20,225,0.012251876294612885,22.590885162353516,0.9493823051452637
18580,20,245,0.009873387403786182,30.74705696105957,0.9705746173858643
18600,20,265,0.043265681713819504,17.706161499023438,0.8282489776611328
18620,20,285,0.040080804377794266,21.07196617126465,0.9118808507919312
18640,20,305,0.05804792046546936,15.26543140411377,0.8696826696395874
18660,20,325,0.010152438655495644,25.225379943847656,0.9716007113456726
18680,20,345,0.010974375531077385,24.77366828918457,0.9781231880187988
18700,20,365,0.010138661600649357,24.999156951904297,0.9834189414978027
18720,20,385,0.021900957450270653,21.011892318725586,0.9272640943527222
18740,20,405,0.016380570828914642,22.748023986816406,0.9693155884742737
18760,20,425,0.10363386571407318,20.158737182617188,0.8260033130645752
18780,20,445,0.014834174886345863,25.462881088256836,0.9688198566436768
18800,20,465,0.007745805196464062,40.791011810302734,0.9893770217895508
18820,20,485,0.021953035145998,23.498767852783203,0.9532822370529175
18840,20,505,0.008545102551579475,36.332191467285156,0.9784356355667114
18860,20,525,0.01289375126361847,26.714448928833008,0.9599273204803467
18880,20,545,0.007640953175723553,27.50096893310547,0.9733010530471802
18900,20,565,0.028995316475629807,18.7772216796875,0.9269497394561768
18920,20,585,0.025620289146900177,20.122915267944336,0.940971314907074
18940,20,605,0.02947942540049553,21.073156356811523,0.9442259669303894
18960,20,625,0.030719323083758354,24.709354400634766,0.9249818325042725
18980,20,645,0.014192639850080013,28.90825653076172,0.9802367687225342
19000,20,665,0.007593967951834202,24.566329956054688,0.9636435508728027
19020,20,685,0.0479569211602211,15.06801986694336,0.8690612316131592
19040,20,705,0.05098917335271835,19.044981002807617,0.9160720109939575
19060,20,725,0.030911706387996674,21.32674789428711,0.9352505803108215
19080,20,745,0.010754312388598919,28.3818416595459,0.9801068305969238
19100,20,765,0.011504150927066803,26.43280792236328,0.9717327356338501
19120,20,785,0.021255306899547577,20.48212242126465,0.934733510017395
19140,20,805,0.03607862442731857,21.532665252685547,0.8994054794311523
19160,20,825,0.013991959393024445,28.50754165649414,0.969903826713562
19180,20,845,0.01729222945868969,24.696125030517578,0.9396721720695496
19200,20,865,0.0054300883784890175,30.160263061523438,0.9873580932617188
19220,20,885,0.01145235076546669,24.498336791992188,0.97371506690979
19240,20,905,0.02236188016831875,36.729454040527344,0.939873218536377
19260,20,925,0.07743623852729797,21.762359619140625,0.9031176567077637
19280,20,945,0.006430407520383596,32.12994384765625,0.9919151663780212
19300,20,965,0.006880099885165691,33.01961898803711,0.9856188893318176
19320,21,20,0.049016982316970825,22.176671981811523,0.8687759637832642
19340,21,40,0.025124307721853256,23.441207885742188,0.9497767090797424
19360,21,60,0.016179680824279785,22.617332458496094,0.9577946662902832
19380,21,80,0.006987451575696468,35.62202453613281,0.9783838987350464
19400,21,100,0.03532923012971878,17.12881088256836,0.8802359104156494
19420,21,120,0.022952158004045486,24.722972869873047,0.9349085092544556
19440,21,140,0.03367801755666733,19.26044464111328,0.9066569805145264
19460,21,160,0.004997193813323975,42.33555221557617,0.991761326789856
19480,21,180,0.023556631058454514,23.672752380371094,0.9402669072151184
19500,21,200,0.007961402647197247,28.678470611572266,0.9878664016723633
19520,21,220,0.060596317052841187,15.95943832397461,0.8452361822128296
19540,21,240,0.02922900579869747,18.915130615234375,0.941780686378479
19560,21,260,0.0384892001748085,17.731475830078125,0.8588129281997681
19580,21,280,0.004904435947537422,44.0510139465332,0.9952857494354248
19600,21,300,0.024838533252477646,24.326610565185547,0.9456082582473755
19620,21,320,0.013448643498122692,27.849821090698242,0.9796401262283325
19640,21,340,0.02471703663468361,19.062952041625977,0.9267113208770752
19660,21,360,0.07303376495838165,13.610939025878906,0.7513560056686401
19680,21,380,0.014573995023965836,23.32406997680664,0.9722143411636353
19700,21,400,0.007839865982532501,30.954875946044922,0.9905074834823608
19720,21,420,0.0193641260266304,20.775686264038086,0.946058452129364
19740,21,440,0.01837235875427723,24.00210189819336,0.9320152997970581
19760,21,460,0.024004941806197166,19.428970336914062,0.9346866607666016
19780,21,480,0.014706711284816265,36.183326721191406,0.9400259256362915
19800,21,500,0.03755560517311096,19.81015968322754,0.8989223837852478
19820,21,520,0.016671134158968925,22.15262222290039,0.9458120465278625
19840,21,540,0.014337311498820782,25.854480743408203,0.9737099409103394
19860,21,560,0.015630697831511497,28.452701568603516,0.9437930583953857
19880,21,580,0.015375392511487007,39.53327178955078,0.969818115234375
19900,21,600,0.014186320826411247,23.342193603515625,0.9721370935440063
19920,21,620,0.015368076972663403,23.462539672851562,0.9680523872375488
19940,21,640,0.02104540728032589,20.896242141723633,0.9477452039718628
19960,21,660,0.021714650094509125,22.33001708984375,0.9602898955345154
19980,21,680,0.0069401925429701805,43.96298599243164,0.9867231845855713
20000,21,700,0.014375056140124798,25.54169464111328,0.9067949056625366
20020,21,720,0.025085313245654106,21.905317306518555,0.9231985807418823
20040,21,740,0.02174847200512886,24.282012939453125,0.9328157305717468
20060,21,760,0.030859312042593956,18.863685607910156,0.9095951318740845
20080,21,780,0.006260463502258062,44.36895751953125,0.991605281829834
20100,21,800,0.012692946009337902,25.684345245361328,0.9740303754806519
20120,21,820,0.013765081763267517,22.071287155151367,0.9204062819480896
20140,21,840,0.022142168134450912,22.437604904174805,0.9551466703414917
20160,21,860,0.06335056573152542,18.333555221557617,0.8439432978630066
20180,21,880,0.29594188928604126,14.405675888061523,0.6554099917411804
20200,21,900,0.03172549605369568,23.020753860473633,0.8807419538497925
20220,21,920,0.027020921930670738,23.206167221069336,0.9190995097160339
20240,21,940,0.013796200975775719,25.92603874206543,0.9757778644561768
20260,21,960,0.11125435680150986,11.161706924438477,0.7125309109687805
20280,22,15,0.03731606900691986,23.383338928222656,0.8776439428329468
20300,22,35,0.01484101451933384,21.316768646240234,0.95843505859375
20320,22,55,0.02353573963046074,21.01418685913086,0.9401291012763977
20340,22,75,0.01065487414598465,29.02695083618164,0.9848998785018921
20360,22,95,0.00674592237919569,31.765727996826172,0.9891283512115479
20380,22,115,0.02132810652256012,25.047870635986328,0.9715231657028198
20400,22,135,0.020178820937871933,24.345918655395508,0.9340242147445679
20420,22,155,0.010478949174284935,28.743972778320312,0.9893335103988647
20440,22,175,0.022897912189364433,20.561277389526367,0.9425867199897766
20460,22,195,0.01274412777274847,34.89268112182617,0.963318407535553
20480,22,215,0.012727988883852959,26.715961456298828,0.9684511423110962
20500,22,235,0.03523445129394531,19.320831298828125,0.9102569222450256
20520,22,255,0.006777219474315643,33.60554122924805,0.9843002557754517
20540,22,275,0.02936200425028801,21.918134689331055,0.9440902471542358
20560,22,295,0.024720212444663048,22.45415496826172,0.945440411567688
20580,22,315,0.0231797955930233,20.287967681884766,0.9232051372528076
20600,22,335,0.00803290493786335,26.950252532958984,0.9826160073280334
20620,22,355,0.053204819560050964,31.034276962280273,0.8901370763778687
20640,22,375,0.006684187334030867,33.44720458984375,0.9900473356246948
20660,22,395,0.028988637030124664,20.365224838256836,0.9415198564529419
20680,22,415,0.010523773729801178,28.0987548828125,0.9766258001327515
20700,22,435,0.04508586972951889,16.139089584350586,0.8488038182258606
20720,22,455,0.015180034562945366,26.897315979003906,0.9400107264518738
20740,22,475,0.023078231140971184,25.5755558013916,0.8978248834609985
20760,22,495,0.011993702501058578,29.36419677734375,0.9816145896911621
20780,22,515,0.003834664821624756,45.08381652832031,0.9951786994934082
20800,22,535,0.025893505662679672,22.51357650756836,0.9345489144325256
20820,22,555,0.0074417470023036,32.77423858642578,0.9912760853767395
20840,22,575,0.020192479714751244,20.92242431640625,0.9597251415252686
20860,22,595,0.005212358199059963,40.78736114501953,0.9933667182922363
20880,22,615,0.02655898593366146,18.150968551635742,0.9251910448074341
20900,22,635,0.020284291356801987,26.063312530517578,0.9479759335517883
20920,22,655,0.011909127235412598,26.555160522460938,0.9593900442123413
20940,22,675,0.13606184720993042,14.419933319091797,0.8004435896873474
20960,22,695,0.016067709773778915,20.387100219726562,0.9574838876724243
20980,22,715,0.012726153247058392,28.69525909423828,0.9643456935882568
21000,22,735,0.0023381351493299007,39.30040740966797,0.9951521158218384
21020,22,755,0.016734201461076736,24.593170166015625,0.953668475151062
21040,22,775,0.0071873776614665985,30.92415428161621,0.9867914915084839
21060,22,795,0.005676623433828354,29.059532165527344,0.986348569393158
21080,22,815,0.013104569166898727,24.50350570678711,0.9533959627151489
21100,22,835,0.024337833747267723,32.40388870239258,0.9559578895568848
21120,22,855,0.010977602563798428,27.925899505615234,0.9836225509643555
21140,22,875,0.013152132742106915,22.765403747558594,0.9582574367523193
21160,22,895,0.014357950538396835,25.968852996826172,0.9725327491760254
21180,22,915,0.01789802685379982,20.861663818359375,0.9268075227737427
21200,22,935,0.015424272045493126,28.403404235839844,0.9760990738868713
21220,22,955,0.010342174209654331,39.39601516723633,0.9851534962654114
21240,23,10,0.009074232541024685,28.679889678955078,0.9793082475662231
21260,23,30,0.009644242003560066,25.500043869018555,0.9701039791107178
21280,23,50,0.022444454953074455,22.170093536376953,0.9268016815185547
21300,23,70,0.016070082783699036,27.096582412719727,0.9718208312988281
21320,23,90,0.04915226995944977,18.068485260009766,0.8851518630981445
21340,23,110,0.009465095587074757,31.413965225219727,0.9925662875175476
21360,23,130,0.010695713572204113,28.71103286743164,0.9830396771430969
21380,23,150,0.020253928378224373,24.461551666259766,0.966803252696991
21400,23,170,0.04098539054393768,17.28116226196289,0.889299750328064
21420,23,190,0.009693853557109833,29.74539566040039,0.9864827394485474
21440,23,210,0.017230171710252762,22.726356506347656,0.9525676965713501
21460,23,230,0.008516492322087288,30.218181610107422,0.9876408576965332
21480,23,250,0.06962043792009354,15.16769027709961,0.7330384850502014
21500,23,270,0.019464917480945587,19.663982391357422,0.9182659387588501
21520,23,290,0.026845907792448997,21.03561019897461,0.9214341640472412
21540,23,310,0.04445429891347885,16.292438507080078,0.8290482759475708
21560,23,330,0.018104074522852898,19.618663787841797,0.950803279876709
21580,23,350,0.009910224936902523,27.377464294433594,0.9774216413497925
21600,23,370,0.02095661871135235,20.29693031311035,0.9474604725837708
21620,23,390,0.015783235430717468,23.256412506103516,0.9578996896743774
21640,23,410,0.011039277538657188,27.029054641723633,0.9851416349411011
21660,23,430,0.0075592538341879845,26.74785614013672,0.9839664697647095
21680,23,450,0.02045586332678795,20.05405616760254,0.9535876512527466
21700,23,470,0.018862292170524597,28.304569244384766,0.9236067533493042
21720,23,490,0.034881677478551865,23.24210548400879,0.9174283742904663
21740,23,510,0.0217786505818367,20.606781005859375,0.920525312423706
21760,23,530,0.00549314497038722,33.021324157714844,0.9945559501647949
21780,23,550,0.030102446675300598,18.114459991455078,0.9218815565109253
21800,23,570,0.01053859293460846,27.909122467041016,0.98824143409729
21820,23,590,0.10660164058208466,16.507431030273438,0.818332314491272
21840,23,610,0.001045939396135509,54.64264678955078,0.9979103803634644
21860,23,630,0.016245346516370773,37.654212951660156,0.9545122385025024
21880,23,650,0.013694286346435547,21.845191955566406,0.9671379327774048
21900,23,670,0.022152995690703392,23.614439010620117,0.9505665898323059
21920,23,690,0.029980476945638657,20.844104766845703,0.9426631927490234
21940,23,710,0.024956390261650085,35.28327178955078,0.9195531010627747
21960,23,730,0.027744604274630547,19.926345825195312,0.9512004256248474
21980,23,750,0.04368747025728226,16.759998321533203,0.8873273134231567
22000,23,770,0.007392022293061018,25.746885299682617,0.9799696207046509
22020,23,790,0.010173289105296135,27.56964874267578,0.9692144393920898
22040,23,810,0.007978339679539204,32.51618194580078,0.9904754161834717
22060,23,830,0.010142618790268898,25.71615219116211,0.9718075394630432
22080,23,850,0.014202929101884365,25.47613525390625,0.9780712127685547
22100,23,870,0.008272282779216766,28.780643463134766,0.9856411218643188
22120,23,890,0.008586078882217407,28.066722869873047,0.9790565967559814
22140,23,910,0.012101694941520691,25.37979507446289,0.9703118801116943
22160,23,930,0.011356346309185028,26.344402313232422,0.9666849374771118
22180,23,950,0.014318672940135002,22.551788330078125,0.9517741203308105
22200,24,5,0.013887133449316025,27.671493530273438,0.9610610008239746
22220,24,25,0.045005589723587036,16.596359252929688,0.8569389581680298
22240,24,45,0.022483602166175842,18.60463523864746,0.9362900853157043
22260,24,65,0.007953147403895855,29.60603904724121,0.9849064350128174
22280,24,85,0.011140342801809311,25.31454849243164,0.9753598570823669
22300,24,105,0.007345600984990597,32.23081970214844,0.9926823377609253
22320,24,125,0.02133113518357277,21.845232009887695,0.9442453384399414
22340,24,145,0.01299053244292736,37.992042541503906,0.9497218132019043
22360,24,165,0.026761969551444054,18.38875961303711,0.9217652678489685
22380,24,185,0.00753260962665081,28.357650756835938,0.9838961362838745
22400,24,205,0.012642540037631989,22.75655746459961,0.9708640575408936
22420,24,225,0.028463095426559448,19.816326141357422,0.9214146137237549
22440,24,245,0.011708232574164867,38.928855895996094,0.9714900255203247
22460,24,265,0.020800774917006493,19.008136749267578,0.9317187070846558
22480,24,285,0.024069752544164658,21.866056442260742,0.9230722188949585
22500,24,305,0.03254643827676773,18.64824676513672,0.9007145762443542
22520,24,325,0.007760681211948395,29.3601131439209,0.9697608947753906
22540,24,345,0.013315553776919842,21.77922821044922,0.9517426490783691
22560,24,365,0.011785602197051048,26.826623916625977,0.973300039768219
22580,24,385,0.010697932913899422,22.168617248535156,0.9684539437294006
22600,24,405,0.010766069404780865,29.261104583740234,0.9817596673965454
22620,24,425,0.01330512948334217,22.077289581298828,0.962568461894989
22640,24,445,0.016739919781684875,26.292152404785156,0.9632018804550171
22660,24,465,0.010457128286361694,25.702133178710938,0.9721394777297974
22680,24,485,0.01939547434449196,20.742908477783203,0.9425754547119141
22700,24,505,0.020809538662433624,25.063934326171875,0.9330241680145264
22720,24,525,0.05537400767207146,15.656326293945312,0.789379358291626
22740,24,545,0.006937561556696892,43.02501678466797,0.9899492859840393
22760,24,565,0.015877297148108482,23.863901138305664,0.927375316619873
22780,24,585,0.005464611109346151,39.497222900390625,0.9841790199279785
22800,24,605,0.030705124139785767,22.325462341308594,0.9030914902687073
22820,24,625,0.013321809470653534,26.995141983032227,0.980545163154602
22840,24,645,0.012729911133646965,20.784982681274414,0.9553848505020142
22860,24,665,0.027587970718741417,20.956005096435547,0.9071298837661743
22880,24,685,0.007846572436392307,29.38685417175293,0.9686658978462219
22900,24,705,0.01375534012913704,24.475481033325195,0.961785078048706
22920,24,725,0.014235274866223335,21.899478912353516,0.9458150267601013
22940,24,745,0.00846230797469616,26.562734603881836,0.975710391998291
22960,24,765,0.007745826616883278,32.60216522216797,0.9771888852119446
22980,24,785,0.010203853249549866,27.041038513183594,0.9779472947120667
23000,24,805,0.01797880046069622,25.095806121826172,0.9753460884094238
23020,24,825,0.014923925511538982,23.602846145629883,0.9690462350845337
23040,24,845,0.012378200888633728,27.593042373657227,0.97742760181427
23060,24,865,0.00916262622922659,29.890544891357422,0.989580512046814
23080,24,885,0.008345410227775574,29.449851989746094,0.9890700578689575
23100,24,905,0.012814667075872421,27.189573287963867,0.9771379828453064
23120,24,925,0.01466967724263668,22.970558166503906,0.9554274082183838
23140,24,945,0.005797907710075378,27.621868133544922,0.9839553236961365
23160,24,965,0.026698634028434753,25.069801330566406,0.9602423906326294
23180,25,20,0.010812133550643921,29.44137954711914,0.987242579460144
23200,25,40,0.03034546971321106,16.864046096801758,0.9152088761329651
23220,25,60,0.013134362176060677,26.574047088623047,0.9704453945159912
23240,25,80,0.012988263741135597,25.009185791015625,0.9612482786178589
23260,25,100,0.009846750646829605,25.082685470581055,0.9719109535217285
23280,25,120,0.032648153603076935,19.616140365600586,0.8603169918060303
23300,25,140,0.008664372377097607,29.119091033935547,0.9746854305267334
23320,25,160,0.00886455737054348,29.824546813964844,0.98636794090271
23340,25,180,0.028591006994247437,18.700973510742188,0.9082404971122742
23360,25,200,0.017393898218870163,24.975372314453125,0.9678839445114136
23380,25,220,0.00795616116374731,27.538284301757812,0.9815511107444763
23400,25,240,0.015014976263046265,24.846569061279297,0.9721766710281372
23420,25,260,0.05400347337126732,16.41275978088379,0.8480731248855591
23440,25,280,0.012353649362921715,30.216035842895508,0.9571934938430786
23460,25,300,0.02984718605875969,18.020767211914062,0.8724232912063599
23480,25,320,0.007439472712576389,37.620452880859375,0.9853562116622925
23500,25,340,0.04258210211992264,19.230388641357422,0.9061403274536133
23520,25,360,0.004674748983234167,28.860626220703125,0.9863157272338867
23540,25,380,0.0027016056701540947,46.580726623535156,0.9958364367485046
23560,25,400,0.008028505370020866,27.754425048828125,0.9883519411087036
23580,25,420,0.02170233055949211,23.97164535522461,0.9642623662948608
23600,25,440,0.01268024556338787,27.118267059326172,0.9551544189453125
23620,25,460,0.007892533205449581,27.159072875976562,0.9794425368309021
23640,25,480,0.024260088801383972,20.400564193725586,0.9312562942504883
23660,25,500,0.011771388351917267,25.887962341308594,0.9755356311798096
23680,25,520,0.005396678112447262,32.00187683105469,0.9898012280464172
23700,25,540,0.0171162448823452,21.655513763427734,0.9354774951934814
23720,25,560,0.025760522112250328,20.226318359375,0.9464062452316284
23740,25,580,0.006783254444599152,39.113616943359375,0.9842686057090759
23760,25,600,0.015132775530219078,26.663196563720703,0.9711865186691284
23780,25,620,0.018473979085683823,24.111122131347656,0.9575107097625732
23800,25,640,0.008089866489171982,28.04989242553711,0.9832108616828918
23820,25,660,0.024213461205363274,24.401565551757812,0.9124878644943237
23840,25,680,0.023583417758345604,23.641075134277344,0.9504181146621704
23860,25,700,0.030490141361951828,24.867713928222656,0.9068503379821777
23880,25,720,0.011715117841959,24.856689453125,0.9646620750427246
23900,25,740,0.02721394971013069,21.394311904907227,0.9288132190704346
23920,25,760,0.020153537392616272,23.74609375,0.9654827117919922
23940,25,780,0.009692438878118992,40.53366470336914,0.9816362261772156
23960,25,800,0.0034020047169178724,42.26818084716797,0.9953938722610474
23980,25,820,0.006385540124028921,28.871824264526367,0.9873727560043335
24000,25,840,0.01782894879579544,26.344097137451172,0.9698576927185059
24020,25,860,0.014712872914969921,35.09893035888672,0.9643619060516357
24040,25,880,0.03807647153735161,18.79584312438965,0.8926308155059814
24060,25,900,0.010061994194984436,28.911828994750977,0.9811722040176392
24080,25,920,0.019898807629942894,20.296810150146484,0.9410528540611267
24100,25,940,0.02022896334528923,22.731597900390625,0.9569516777992249
24120,25,960,0.011386128142476082,28.12957000732422,0.9870427250862122
24140,26,15,0.009843189269304276,25.46076011657715,0.9735680818557739
24160,26,35,0.01829521916806698,19.856353759765625,0.9239556789398193
24180,26,55,0.005650254897773266,40.056488037109375,0.9890037775039673
24200,26,75,0.02909786067903042,18.964496612548828,0.9274574518203735
24220,26,95,0.03417098522186279,21.279430389404297,0.9177250862121582
24240,26,115,0.0042258030734956264,29.399810791015625,0.9890717267990112
24260,26,135,0.009765003807842731,31.349964141845703,0.9870672821998596
24280,26,155,0.004058636724948883,37.39151382446289,0.9925845861434937
24300,26,175,0.020435910671949387,23.401016235351562,0.9482302069664001
24320,26,195,0.018344782292842865,23.405736923217773,0.9641157388687134
24340,26,215,0.008260498754680157,41.409175872802734,0.9694265127182007
24360,26,235,0.015345562249422073,23.65634536743164,0.9608035087585449
24380,26,255,0.011511420831084251,27.552120208740234,0.9825454950332642
24400,26,275,0.01292648445814848,29.96295928955078,0.9678022861480713
24420,26,295,0.015799958258867264,26.042293548583984,0.9727603197097778
24440,26,315,0.017249567434191704,22.643917083740234,0.9605566263198853
24460,26,335,0.0066282725892961025,31.58831024169922,0.984532356262207
24480,26,355,0.020399868488311768,25.758094787597656,0.9329538345336914
24500,26,375,0.007913544774055481,38.593353271484375,0.9789764881134033
24520,26,395,0.017827607691287994,27.462997436523438,0.9704388380050659
24540,26,415,0.01827860251069069,22.56226348876953,0.9603791236877441
24560,26,435,0.017135359346866608,21.996313095092773,0.9590011239051819
24580,26,455,0.01055739726871252,22.54038429260254,0.9706423282623291
24600,26,475,0.00911962240934372,27.004261016845703,0.9681093692779541
24620,26,495,0.027845866978168488,22.883609771728516,0.9549878239631653
24640,26,515,0.03849094733595848,19.608142852783203,0.9190340042114258
24660,26,535,0.016623515635728836,24.33456039428711,0.9545629024505615
24680,26,555,0.01669146493077278,36.149444580078125,0.9518568515777588
24700,26,575,0.028963178396224976,19.935298919677734,0.9300498962402344
24720,26,595,0.016877291724085808,25.012939453125,0.9695614576339722
24740,26,615,0.09287284314632416,15.620811462402344,0.8898510932922363
24760,26,635,0.017280178144574165,21.08586883544922,0.9454575181007385
24780,26,655,0.04052159935235977,17.41539764404297,0.8829192519187927
24800,26,675,0.003513926174491644,35.617698669433594,0.9956237077713013
24820,26,695,0.01685395836830139,27.074560165405273,0.9695106744766235
24840,26,715,0.01352631114423275,24.39120864868164,0.964384913444519
24860,26,735,0.05236532539129257,15.784734725952148,0.8735120296478271
24880,26,755,0.020297154784202576,23.645233154296875,0.9628180265426636
24900,26,775,0.028277944773435593,18.426071166992188,0.9327108860015869
24920,26,795,0.00555105647072196,40.28148651123047,0.9891225099563599
24940,26,815,0.03456203266978264,18.48326873779297,0.9007284641265869
24960,26,835,0.022443976253271103,19.408504486083984,0.9358844757080078
24980,26,855,0.016528921201825142,24.425554275512695,0.9727202653884888
25000,26,875,0.01123499870300293,25.891033172607422,0.9698454141616821
25020,26,895,0.03850981593132019,17.25838851928711,0.8623908162117004
25040,26,915,0.03656373545527458,22.601497650146484,0.8838453888893127
25060,26,935,0.026647046208381653,22.210533142089844,0.9501487612724304
25080,26,955,0.01336419116705656,21.02410888671875,0.9371577501296997
25100,27,10,0.01438109390437603,24.663021087646484,0.9498782157897949
25120,27,30,0.009061452001333237,26.79884147644043,0.9757324457168579
25140,27,50,0.042496971786022186,24.2025146484375,0.8651391267776489
25160,27,70,0.008904378861188889,40.434608459472656,0.982887864112854
25180,27,90,0.009442280046641827,28.201133728027344,0.988220751285553
25200,27,110,0.01659296825528145,27.062461853027344,0.9752184152603149
25220,27,130,0.005301068536937237,39.935279846191406,0.9910959005355835
25240,27,150,0.012907937169075012,28.495012283325195,0.9856125116348267
25260,27,170,0.013003296218812466,22.21934700012207,0.9561772346496582
25280,27,190,0.004670183639973402,33.138267517089844,0.9943249821662903
25300,27,210,0.008691700175404549,27.976093292236328,0.9836426377296448
25320,27,230,0.05219824239611626,16.40684700012207,0.8624101877212524
25340,27,250,0.016525233164429665,26.697063446044922,0.9591082334518433
25360,27,270,0.010590590536594391,30.434967041015625,0.9899916648864746
25380,27,290,0.03211362287402153,19.35324478149414,0.8501659631729126
25400,27,310,0.017779354006052017,23.542421340942383,0.9664343595504761
25420,27,330,0.01776094175875187,22.85093116760254,0.9653066992759705
25440,27,350,0.009858271107077599,25.353822708129883,0.9786019325256348
25460,27,370,0.010099212639033794,25.26397132873535,0.9631843566894531
25480,27,390,0.0237787626683712,20.73211669921875,0.9414395093917847
25500,27,410,0.015100866556167603,24.662708282470703,0.9335339069366455
25520,27,430,0.009984447620809078,30.238178253173828,0.9837127327919006
25540,27,450,0.06796327978372574,15.425936698913574,0.8105840682983398
25560,27,470,0.01744745671749115,19.569135665893555,0.9437330961227417
25580,27,490,0.02998383343219757,18.75008773803711,0.9124271869659424
25600,27,510,0.02233446016907692,23.002561569213867,0.9448415637016296
25620,27,530,0.008370771072804928,27.37820816040039,0.984169602394104
25640,27,550,0.024460792541503906,19.863073348999023,0.9586970210075378
25660,27,570,0.017430348321795464,23.79265594482422,0.9598362445831299
25680,27,590,0.0168906282633543,24.983272552490234,0.9419206380844116
25700,27,610,0.028717096894979477,20.098159790039062,0.9351629614830017
25720,27,630,0.01806541159749031,25.30830192565918,0.9545924067497253
25740,27,650,0.005671901162713766,33.36416244506836,0.9914824962615967
25760,27,670,0.015562641434371471,24.055572509765625,0.9684624671936035
25780,27,690,0.011309484951198101,23.800228118896484,0.9469255208969116
25800,27,710,0.01857917755842209,23.376056671142578,0.9475518465042114
25820,27,730,0.008709029294550419,40.282203674316406,0.9878695011138916
25840,27,750,0.04395228624343872,17.1312255859375,0.8980506658554077
25860,27,770,0.016024723649024963,21.81842041015625,0.9589157104492188
25880,27,790,0.014147214591503143,23.175533294677734,0.9657605886459351
25900,27,810,0.012043708935379982,23.269195556640625,0.9628447890281677
25920,27,830,0.009674910455942154,26.96366310119629,0.9786940217018127
25940,27,850,0.022330952808260918,25.608379364013672,0.9448805451393127
25960,27,870,0.00767246400937438,36.43018341064453,0.975388765335083
25980,27,890,0.038324639201164246,18.708877563476562,0.9300978183746338
26000,27,910,0.01404997706413269,27.52750587463379,0.9807361960411072
26020,27,930,0.014299413189291954,21.781848907470703,0.9673019647598267
26040,27,950,0.01689918339252472,25.081787109375,0.9508666396141052
26060,28,5,0.03062945418059826,19.4945011138916,0.9338514804840088
26080,28,25,0.025714417919516563,25.15325927734375,0.9396519660949707
26100,28,45,0.007174457889050245,29.93275260925293,0.9766882658004761
26120,28,65,0.01830790378153324,23.863693237304688,0.941707193851471
26140,28,85,0.02002806030213833,23.376293182373047,0.9619731903076172
26160,28,105,0.010921414010226727,26.496200561523438,0.9714427590370178
26180,28,125,0.025037288665771484,22.286083221435547,0.9339328408241272
26200,28,145,0.021389177069067955,24.40713119506836,0.9542474150657654
26220,28,165,0.012433500960469246,22.61312484741211,0.970115602016449
26240,28,185,0.0056288293562829494,42.36996078491211,0.9850168228149414
26260,28,205,0.03386182710528374,17.136371612548828,0.9060524702072144
26280,28,225,0.017816759645938873,23.34622573852539,0.9500904083251953
26300,28,245,0.008724178187549114,27.727998733520508,0.9787383079528809
26320,28,265,0.06310635805130005,24.301963806152344,0.8880940675735474
26340,28,285,0.0432468056678772,18.540828704833984,0.8907456994056702
26360,28,305,0.047402553260326385,19.18795394897461,0.865309476852417
26380,28,325,0.017068449407815933,24.723529815673828,0.936905562877655
26400,28,345,0.01310315728187561,23.007461547851562,0.9624595642089844
26420,28,365,0.043047867715358734,15.466582298278809,0.8336445093154907
26440,28,385,0.00683901971206069,26.763032913208008,0.9665987491607666
26460,28,405,0.018533360213041306,23.989612579345703,0.9607079029083252
26480,28,425,0.0193006694316864,23.194629669189453,0.9567602872848511
26500,28,445,0.004854447208344936,42.05000305175781,0.9915621876716614
26520,28,465,0.024172663688659668,23.19420623779297,0.9568091034889221
26540,28,485,0.017763977870345116,34.374515533447266,0.9453458786010742
26560,28,505,0.0049779294058680534,32.58961486816406,0.9931900501251221
26580,28,525,0.014812938868999481,26.288455963134766,0.9564199447631836
26600,28,545,0.02486780844628811,17.345233917236328,0.9341353178024292
26620,28,565,0.013286424800753593,22.295360565185547,0.9519855976104736
26640,28,585,0.006907784845679998,27.614639282226562,0.9838632345199585
26660,28,605,0.013972129672765732,27.58803939819336,0.9287950992584229
26680,28,625,0.012976624071598053,28.644912719726562,0.9868288040161133
26700,28,645,0.007003044243901968,32.57196044921875,0.9876052141189575
26720,28,665,0.007066340185701847,38.542510986328125,0.9857308864593506
26740,28,685,0.017959438264369965,22.7490177154541,0.9563744068145752
26760,28,705,0.01746162213385105,24.960006713867188,0.9633636474609375
26780,28,725,0.015620069578289986,21.785459518432617,0.9415760040283203
26800,28,745,0.03219940513372421,19.904022216796875,0.9294192790985107
26820,28,765,0.019604522734880447,23.148035049438477,0.9459716081619263
26840,28,785,0.005734126083552837,32.74085235595703,0.9923655986785889
26860,28,805,0.013751472346484661,26.52942657470703,0.972277045249939
26880,28,825,0.03163807839155197,19.701662063598633,0.9089391231536865
26900,28,845,0.027586624026298523,26.858829498291016,0.9045647382736206
26920,28,865,0.005875683389604092,28.087596893310547,0.9668353796005249
26940,28,885,0.02736707590520382,22.604259490966797,0.9231250882148743
26960,28,905,0.009814446792006493,28.596845626831055,0.9696757793426514
26980,28,925,0.013457156717777252,25.226898193359375,0.975812554359436
27000,28,945,0.014102073386311531,22.80207061767578,0.9696525931358337
27020,28,965,0.024724766612052917,22.65667152404785,0.9227471947669983
27040,29,20,0.005377177149057388,35.59080505371094,0.9931457042694092
27060,29,40,0.01301646139472723,27.212589263916016,0.9654173851013184
27080,29,60,0.010934019461274147,28.00704002380371,0.9829509258270264
27100,29,80,0.00676451250910759,28.297775268554688,0.9870539903640747
27120,29,100,0.027777444571256638,18.835933685302734,0.9204292297363281
27140,29,120,0.0030766166746616364,37.57910919189453,0.9953387975692749
27160,29,140,0.030293844640254974,18.719078063964844,0.9142104387283325
27180,29,160,0.05697501450777054,32.852882385253906,0.9268791675567627
27200,29,180,0.006442708894610405,28.606792449951172,0.9896500110626221
27220,29,200,0.016347385942935944,23.96746826171875,0.9610891342163086
27240,29,220,0.004121413920074701,29.894943237304688,0.9886182546615601
27260,29,240,0.006036004982888699,43.7203254699707,0.9948055148124695
27280,29,260,0.01154047530144453,37.46042251586914,0.9811680316925049
27300,29,280,0.0037721924018114805,41.61091232299805,0.9944490194320679
27320,29,300,0.010361510328948498,27.565898895263672,0.9670199155807495
27340,29,320,0.025555729866027832,19.27548599243164,0.9367165565490723
27360,29,340,0.049741651862859726,22.933374404907227,0.8838193416595459
27380,29,360,0.029506592079997063,20.87078094482422,0.9012196660041809
27400,29,380,0.004013536497950554,42.58338165283203,0.9897253513336182
27420,29,400,0.010154228657484055,26.705646514892578,0.9826658964157104
27440,29,420,0.005673890467733145,32.065773010253906,0.991552472114563
27460,29,440,0.011362595483660698,32.54571533203125,0.986544668674469
27480,29,460,0.01394437812268734,26.944374084472656,0.9705368876457214
27500,29,480,0.011594858020544052,28.711814880371094,0.980108916759491
27520,29,500,0.017065133899450302,21.011911392211914,0.9547284245491028
27540,29,520,0.015438547357916832,23.05333709716797,0.959846556186676
27560,29,540,0.019143588840961456,19.797283172607422,0.9466472864151001
27580,29,560,0.010281961411237717,24.69671630859375,0.9726066589355469
27600,29,580,0.007085156626999378,28.485443115234375,0.980929970741272
27620,29,600,0.011841068044304848,26.067533493041992,0.9765642881393433
27640,29,620,0.021641414612531662,21.090280532836914,0.9356330633163452
27660,29,640,0.0028384793549776077,45.2932014465332,0.9938236474990845
27680,29,660,0.016695812344551086,27.389556884765625,0.9834014177322388
27700,29,680,0.01912785694003105,20.698083877563477,0.9594922661781311
27720,29,700,0.007972903549671173,31.15132713317871,0.9894430637359619
27740,29,720,0.008722911588847637,29.78581428527832,0.9793521165847778
27760,29,740,0.01835617795586586,20.195980072021484,0.9301304817199707
27780,29,760,0.02174603007733822,23.976499557495117,0.9408422708511353
27800,29,780,0.011326875537633896,24.493202209472656,0.9690601825714111
27820,29,800,0.009878406301140785,23.403615951538086,0.9700322151184082
27840,29,820,0.033639095723629,21.04620933532715,0.8911466002464294
27860,29,840,0.016466762870550156,22.57429313659668,0.9569658041000366
27880,29,860,0.024044722318649292,21.283031463623047,0.9306797981262207
27900,29,880,0.011145725846290588,36.26945495605469,0.9615713357925415
27920,29,900,0.008769368752837181,31.68875503540039,0.9872871041297913
27940,29,920,0.01514087151736021,21.446285247802734,0.9337969422340393
27960,29,940,0.015408514067530632,22.155231475830078,0.9222164154052734
27980,29,960,0.008585120551288128,29.616132736206055,0.9830759763717651
28000,30,15,0.006820234470069408,30.360858917236328,0.9880267977714539
28020,30,35,0.020606471225619316,25.290624618530273,0.948448896408081
28040,30,55,0.032741647213697433,19.761646270751953,0.8860865235328674
28060,30,75,0.002836433704942465,47.638816833496094,0.9957829713821411
28080,30,95,0.036160148680210114,19.958581924438477,0.9147948622703552
28100,30,115,0.020294642075896263,20.98279571533203,0.8963238000869751
28120,30,135,0.01059738453477621,30.459470748901367,0.9810531139373779
28140,30,155,0.024903154000639915,25.00782585144043,0.9606408476829529
28160,30,175,0.009095244109630585,26.10476303100586,0.9786654114723206
28180,30,195,0.0392100065946579,17.687171936035156,0.893151581287384
28200,30,215,0.028370535001158714,18.007213592529297,0.8996139764785767
28220,30,235,0.01353947352617979,25.213537216186523,0.9751166105270386
28240,30,255,0.015409523621201515,20.271005630493164,0.951696515083313
28260,30,275,0.010179158300161362,26.90155601501465,0.9859214425086975
28280,30,295,0.008089172653853893,28.54485321044922,0.9861778616905212
28300,30,315,0.0022980370558798313,44.96599578857422,0.9951947927474976
28320,30,335,0.007896235212683678,26.585039138793945,0.9731146097183228
28340,30,355,0.05527838319540024,15.590447425842285,0.8652105927467346
28360,30,375,0.008093327283859253,30.498018264770508,0.9758630990982056
28380,30,395,0.008528563193976879,26.03551483154297,0.9778821468353271
28400,30,415,0.01747063174843788,23.853179931640625,0.961024820804596
28420,30,435,0.0051108188927173615,28.89607810974121,0.9789520502090454
28440,30,455,0.0036199865862727165,40.35963439941406,0.9926844835281372
28460,30,475,0.013131581246852875,36.60146713256836,0.9291733503341675
28480,30,495,0.013020964339375496,27.883464813232422,0.9841446876525879
28500,30,515,0.017843930050730705,23.83160400390625,0.9411419630050659
28520,30,535,0.013446020893752575,24.596782684326172,0.9716477394104004
28540,30,555,0.018728747963905334,26.262348175048828,0.9690262079238892
28560,30,575,0.022419502958655357,24.211135864257812,0.93952876329422
28580,30,595,0.010798418894410133,26.634166717529297,0.9820128679275513
28600,30,615,0.018161389976739883,23.364681243896484,0.9282284379005432
28620,30,635,0.013208610936999321,26.415679931640625,0.952185869216919
28640,30,655,0.010016296058893204,28.856151580810547,0.9812353849411011
28660,30,675,0.238174170255661,14.856721878051758,0.7222575545310974
28680,30,695,0.009561575017869473,30.243431091308594,0.9750036001205444
28700,30,715,0.01568068563938141,24.010845184326172,0.9593294858932495
28720,30,735,0.007938463240861893,28.60274887084961,0.9846168756484985
28740,30,755,0.03085106983780861,19.0982666015625,0.9040461778640747
28760,30,775,0.07701313495635986,14.524785995483398,0.6877080202102661
28780,30,795,0.009736297652125359,41.18891906738281,0.9803776741027832
28800,30,815,0.015490373596549034,34.41441345214844,0.9584987163543701
28820,30,835,0.023038465529680252,19.95560646057129,0.9426629543304443
28840,30,855,0.018112240359187126,24.605182647705078,0.9710880517959595
28860,30,875,0.03364631533622742,21.93344497680664,0.93001389503479
28880,30,895,0.0037191896699368954,44.27278137207031,0.9958672523498535
28900,30,915,0.009799744002521038,25.10311508178711,0.9799690246582031
28920,30,935,0.008144494146108627,31.313093185424805,0.9913697242736816
28940,30,955,0.009088448248803616,25.841022491455078,0.98018479347229
28960,31,10,0.014246094040572643,25.501819610595703,0.9764178395271301
28980,31,30,0.0075663011521101,30.68722915649414,0.988585889339447
29000,31,50,0.002124650403857231,42.34246063232422,0.9926899671554565
29020,31,70,0.02345472387969494,20.63957405090332,0.9347580075263977
29040,31,90,0.018531933426856995,21.612974166870117,0.9567770957946777
29060,31,110,0.020340774208307266,21.85140037536621,0.9575297832489014
29080,31,130,0.00978083722293377,26.411895751953125,0.9786385893821716
29100,31,150,0.013743069022893906,23.620254516601562,0.9598792195320129
29120,31,170,0.005614501889795065,36.588592529296875,0.992800235748291
29140,31,190,0.013209184631705284,25.33334732055664,0.9729452133178711
29160,31,210,0.009585735388100147,29.129314422607422,0.9891767501831055
29180,31,230,0.03427871689200401,18.93779945373535,0.8692209124565125
29200,31,250,0.0264042429625988,21.913955688476562,0.8904643058776855
29220,31,270,0.01100530382245779,30.93649673461914,0.9915330410003662
29240,31,290,0.023189444094896317,27.216724395751953,0.9565076231956482
29260,31,310,0.044974952936172485,16.07033348083496,0.8624487519264221
29280,31,330,0.019098028540611267,25.54395294189453,0.9653069972991943
29300,31,350,0.005130958277732134,32.59718322753906,0.9946960210800171
29320,31,370,0.002816601423546672,43.94084167480469,0.9956177473068237
29340,31,390,0.015198621898889542,22.95907211303711,0.9517488479614258
29360,31,410,0.09471692889928818,15.009248733520508,0.8126004934310913
29380,31,430,0.007305440958589315,25.297121047973633,0.9847452640533447
29400,31,450,0.011883641593158245,25.168087005615234,0.9374763369560242
29420,31,470,0.014822888188064098,34.30678939819336,0.9536205530166626
29440,31,490,0.019279584288597107,22.430438995361328,0.9603281617164612
29460,31,510,0.011554114520549774,24.81679916381836,0.9677061438560486
29480,31,530,0.05374172329902649,16.234420776367188,0.8417417407035828
29500,31,550,0.04534272477030754,19.520212173461914,0.8711721897125244
29520,31,570,0.016444023698568344,24.357784271240234,0.9594829082489014
29540,31,590,0.012886508367955685,27.445213317871094,0.9740011692047119
29560,31,610,0.009632166475057602,26.865398406982422,0.9860776662826538
29580,31,630,0.005410485900938511,41.44483184814453,0.9916726350784302
29600,31,650,0.05427934229373932,14.68428897857666,0.8655117750167847
29620,31,670,0.0058816103264689445,35.771060943603516,0.9922248721122742
29640,31,690,0.03935552388429642,18.561676025390625,0.8485729098320007
29660,31,710,0.0078079006634652615,41.037933349609375,0.9912896752357483
29680,31,730,0.01847299374639988,28.154983520507812,0.9579471349716187
29700,31,750,0.04142698645591736,17.91866683959961,0.8581175804138184
29720,31,770,0.0068014245480299,27.743749618530273,0.9840483665466309
29740,31,790,0.012288084253668785,27.80562400817871,0.9628467559814453
29760,31,810,0.009077964350581169,29.192569732666016,0.9775272607803345
29780,31,830,0.013947161845862865,24.705608367919922,0.9660924077033997
29800,31,850,0.007334603928029537,30.184160232543945,0.9880324602127075
29820,31,870,0.028064778074622154,17.48219871520996,0.8625391721725464
29840,31,890,0.02263687551021576,23.218040466308594,0.9381048679351807
29860,31,910,0.01497457455843687,22.635540008544922,0.9529550075531006
29880,31,930,0.02604646235704422,21.055587768554688,0.9109606742858887
29900,31,950,0.008290207013487816,40.93953323364258,0.9928052425384521
29920,32,5,0.02516324818134308,20.54965591430664,0.9373832941055298
29940,32,25,0.038837336003780365,19.8720760345459,0.9500479698181152
29960,32,45,0.027295023202896118,19.38418960571289,0.9340900182723999
29980,32,65,0.021617695689201355,23.891658782958984,0.9616544246673584
30000,32,85,0.0215597003698349,22.061134338378906,0.930213212966919
30020,32,105,0.018905147910118103,23.218839645385742,0.9626762866973877
30040,32,125,0.01363497506827116,25.712730407714844,0.9629273414611816
30060,32,145,0.00720470305532217,30.73776626586914,0.9873744249343872
30080,32,165,0.02865145169198513,20.508302688598633,0.9364863634109497
30100,32,185,0.023409869521856308,18.543386459350586,0.8916864991188049
30120,32,205,0.01609138213098049,25.22368621826172,0.9688172340393066
30140,32,225,0.03063308075070381,21.135360717773438,0.8821234703063965
30160,32,245,0.025781594216823578,19.440034866333008,0.9157012104988098
30180,32,265,0.03481534123420715,17.092754364013672,0.8564776182174683
30200,32,285,0.006883618887513876,29.746963500976562,0.9839396476745605
30220,32,305,0.009206763468682766,30.401134490966797,0.9783974885940552
30240,32,325,0.011766294948756695,28.70839500427246,0.976509690284729
30260,32,345,0.03270401060581207,19.27321434020996,0.9206439256668091
30280,32,365,0.010788483545184135,24.84577178955078,0.961685061454773
30300,32,385,0.021420426666736603,25.433950424194336,0.9590185880661011
30320,32,405,0.020441865548491478,23.89028549194336,0.9530747532844543
30340,32,425,0.012002713046967983,25.197288513183594,0.9753599166870117
30360,32,445,0.0064684441313147545,31.85824966430664,0.9899382591247559
30380,32,465,0.02778230607509613,20.080347061157227,0.93052738904953
30400,32,485,0.0316610150039196,19.37864112854004,0.9169410467147827
30420,32,505,0.01455470360815525,23.244234085083008,0.9438211917877197
30440,32,525,0.0071815550327301025,40.11037826538086,0.9919430017471313
30460,32,545,0.0508948378264904,14.997354507446289,0.8456723690032959
30480,32,565,0.02404516562819481,23.88125991821289,0.9505485892295837
30500,32,585,0.004920555744320154,32.15812301635742,0.9636484384536743
30520,32,605,0.008066218346357346,27.881149291992188,0.9852278232574463
30540,32,625,0.013746715150773525,27.825969696044922,0.9804279804229736
30560,32,645,0.02128763496875763,21.55776596069336,0.958511233329773
30580,32,665,0.030594442039728165,20.448612213134766,0.9356492757797241
30600,32,685,0.00811360776424408,28.32598876953125,0.9819376468658447
30620,32,705,0.031189769506454468,33.64081954956055,0.9188739061355591
30640,32,725,0.007073238492012024,31.24911117553711,0.9876422882080078
30660,32,745,0.03877994790673256,19.762170791625977,0.8890613913536072
30680,32,765,0.031434863805770874,19.143014907836914,0.8830409049987793
30700,32,785,0.004805137403309345,44.70649337768555,0.9731115102767944
30720,32,805,0.05775526165962219,16.9664363861084,0.8846818208694458
30740,32,825,0.03323479741811752,18.20855712890625,0.934329628944397
30760,32,845,0.022440796718001366,25.375686645507812,0.9497607946395874
30780,32,865,0.004534758627414703,33.03253173828125,0.9848811626434326
30800,32,885,0.013390593230724335,24.165746688842773,0.9738121032714844
30820,32,905,0.011280319653451443,30.585559844970703,0.9844428300857544
30840,32,925,0.0246712826192379,20.967281341552734,0.9355043172836304
30860,32,945,0.024318357929587364,23.240367889404297,0.9505499601364136
30880,32,965,0.026829779148101807,23.818607330322266,0.9505625367164612
30900,33,20,0.0026163896545767784,42.18532180786133,0.9942476749420166
30920,33,40,0.006541699171066284,27.087188720703125,0.9777655601501465
30940,33,60,0.007951905950903893,31.28752899169922,0.9901198148727417
30960,33,80,0.00590565986931324,28.397106170654297,0.9832382202148438
30980,33,100,0.06748222559690475,13.91851806640625,0.721031904220581
31000,33,120,0.02032257243990898,23.143112182617188,0.9517241716384888
31020,33,140,0.011092737317085266,23.46066665649414,0.9682700634002686
31040,33,160,0.01095048151910305,25.183561325073242,0.978802502155304
31060,33,180,0.014673536643385887,24.10284423828125,0.9492624402046204
31080,33,200,0.004077978432178497,44.8015251159668,0.9949531555175781
31100,33,220,0.03290197253227234,23.516889572143555,0.9425641894340515
31120,33,240,0.004729287698864937,31.85958480834961,0.9836741089820862
31140,33,260,0.01244385913014412,25.78888702392578,0.9828455448150635
31160,33,280,0.014791183173656464,25.90140151977539,0.978195071220398
31180,33,300,0.010308210738003254,26.874984741210938,0.9775151014328003
31200,33,320,0.023803114891052246,22.373796463012695,0.9330658912658691
31220,33,340,0.03411244601011276,21.70318031311035,0.8926812410354614
31240,33,360,0.004785835277289152,33.48138427734375,0.9905679225921631
31260,33,380,0.03340871259570122,33.88675308227539,0.9318552017211914
31280,33,400,0.003985344432294369,34.546512603759766,0.9919394254684448
31300,33,420,0.01079615205526352,26.23774528503418,0.9683756828308105
31320,33,440,0.023389536887407303,22.847362518310547,0.935160756111145
31340,33,460,0.014709396287798882,24.498802185058594,0.9418125152587891
31360,33,480,0.01541951484978199,26.49737548828125,0.9781960248947144
31380,33,500,0.01195126585662365,27.66474151611328,0.9802849292755127
31400,33,520,0.019428323954343796,26.723764419555664,0.906579852104187
31420,33,540,0.03146223723888397,17.965181350708008,0.8534489274024963
31440,33,560,0.01811838522553444,22.67702865600586,0.94855135679245
31460,33,580,0.008611144497990608,28.779457092285156,0.9808809757232666
31480,33,600,0.008974687196314335,29.371906280517578,0.989835798740387
31500,33,620,0.015253312885761261,22.294572830200195,0.9586320519447327
31520,33,640,0.008793767541646957,29.168479919433594,0.9764542579650879
31540,33,660,0.018603788688778877,21.263465881347656,0.9688795804977417
31560,33,680,0.015097412280738354,25.33206558227539,0.9449179172515869
31580,33,700,0.018341943621635437,26.629077911376953,0.9504246115684509
31600,33,720,0.027987461537122726,18.585418701171875,0.9305533170700073
31620,33,740,0.0536898598074913,15.015684127807617,0.8679518699645996
31640,33,760,0.017895298078656197,21.364192962646484,0.9320075511932373
31660,33,780,0.002264668233692646,41.20380401611328,0.9950261116027832
31680,33,800,0.005593575537204742,38.9105224609375,0.9865748286247253
31700,33,820,0.036194346845149994,20.010791778564453,0.9659841060638428
31720,33,840,0.019895562902092934,21.700014114379883,0.9579232335090637
31740,33,860,0.006168018560856581,31.372989654541016,0.9900498986244202
31760,33,880,0.007501109503209591,30.524066925048828,0.9908633232116699
31780,33,900,0.011660146526992321,24.70486831665039,0.9753674268722534
31800,33,920,0.00646296888589859,32.17455291748047,0.9915388822555542
31820,33,940,0.03322101756930351,19.01125144958496,0.918290913105011
31840,33,960,0.009206256829202175,34.529136657714844,0.9809929132461548
31860,34,15,0.004071911331266165,43.297874450683594,0.993815541267395
31880,34,35,0.017388632521033287,21.86773681640625,0.9661031365394592
31900,34,55,0.020987574011087418,22.12948226928711,0.9407182931900024
31920,34,75,0.013228325173258781,26.331005096435547,0.9766528606414795
31940,34,95,0.013704702258110046,24.625247955322266,0.9660961627960205
31960,34,115,0.010524548590183258,24.74156379699707,0.9704647660255432
31980,34,135,0.011351481080055237,25.533924102783203,0.9560990333557129
32000,34,155,0.004545561037957668,31.578201293945312,0.9903627634048462
32020,34,175,0.003522929735481739,36.86505889892578,0.9786733388900757
32040,34,195,0.014751268550753593,31.580074310302734,0.9714555740356445
32060,34,215,0.016351211816072464,24.078765869140625,0.9634691476821899
32080,34,235,0.03101937100291252,20.081918716430664,0.8607319593429565
32100,34,255,0.005222391337156296,42.236854553222656,0.9860100746154785
32120,34,275,0.005071558989584446,32.79994201660156,0.99016934633255
32140,34,295,0.012212502770125866,30.265188217163086,0.9692355394363403
32160,34,315,0.016316242516040802,22.250768661499023,0.9453238248825073
32180,34,335,0.006105480715632439,31.794891357421875,0.9910143613815308
32200,34,355,0.017612386494874954,23.62610626220703,0.961796760559082
32220,34,375,0.011880531907081604,24.53015899658203,0.9627483487129211
32240,34,395,0.005949500948190689,34.55284881591797,0.9935070276260376
32260,34,415,0.00446983240544796,31.323299407958984,0.9920874834060669
32280,34,435,0.009021623991429806,27.40970230102539,0.9767880439758301
32300,34,455,0.009159433655440807,37.842098236083984,0.9770728349685669
32320,34,475,0.007315389811992645,29.183948516845703,0.9872273206710815
32340,34,495,0.02359040081501007,25.81676483154297,0.9721920490264893
32360,34,515,0.035998761653900146,19.1087589263916,0.9071452617645264
32380,34,535,0.015209781937301159,23.53689956665039,0.9581760168075562
32400,34,555,0.023526867851614952,19.126558303833008,0.9388983249664307
32420,34,575,0.0075458562932908535,42.52922058105469,0.9928774833679199
32440,34,595,0.019544892013072968,21.995065689086914,0.969946026802063
32460,34,615,0.015391314402222633,23.785552978515625,0.9556421041488647
32480,34,635,0.015511253848671913,26.325057983398438,0.9719700813293457
32500,34,655,0.06800922006368637,16.738502502441406,0.7164282202720642
32520,34,675,0.04012110084295273,17.078277587890625,0.8438849449157715
32540,34,695,0.004038918763399124,32.627174377441406,0.9903514981269836
32560,34,715,0.037705738097429276,18.58225440979004,0.9352494478225708
32580,34,735,0.0033158892765641212,45.189361572265625,0.9962398409843445
32600,34,755,0.01576773077249527,25.343008041381836,0.9640769958496094
32620,34,775,0.018933802843093872,20.972694396972656,0.9536916017532349
32640,34,795,0.013928513042628765,24.051694869995117,0.9697105884552002
32660,34,815,0.038290902972221375,23.926361083984375,0.9234728813171387
32680,34,835,0.012111673131585121,23.250308990478516,0.9646807909011841
32700,34,855,0.01795841008424759,23.885461807250977,0.9317014813423157
32720,34,875,0.03819102793931961,19.1219539642334,0.9316363334655762
32740,34,895,0.008784262463450432,27.59840965270996,0.9777233004570007
32760,34,915,0.0034274011850357056,36.607208251953125,0.9924213290214539
32780,34,935,0.02875998616218567,21.891054153442383,0.933254599571228
32800,34,955,0.01153554581105709,37.79469680786133,0.968664288520813
32820,35,10,0.029234636574983597,18.25836944580078,0.8979136347770691
32840,35,30,0.03260699659585953,19.256214141845703,0.8898346424102783
32860,35,50,0.00937432050704956,28.331485748291016,0.9808554649353027
32880,35,70,0.014141468331217766,23.630638122558594,0.9671462774276733
32900,35,90,0.11048679053783417,16.83129119873047,0.889469563961029
32920,35,110,0.020137978717684746,21.690242767333984,0.9258378148078918
32940,35,130,0.0028566247783601284,42.33473205566406,0.995194673538208
32960,35,150,0.033829204738140106,21.121536254882812,0.9239786863327026
32980,35,170,0.011187426745891571,38.4076042175293,0.9828245639801025
33000,35,190,0.026452377438545227,23.660097122192383,0.8976236581802368
33020,35,210,0.012448965571820736,27.333309173583984,0.9794787168502808
33040,35,230,0.008642662316560745,29.42816734313965,0.9816497564315796
33060,35,250,0.009972658939659595,30.246601104736328,0.9855505228042603
33080,35,270,0.020002076402306557,20.948904037475586,0.9490092992782593
33100,35,290,0.012687530368566513,28.468795776367188,0.9724479913711548
33120,35,310,0.01957225240767002,21.097013473510742,0.9502599239349365
33140,35,330,0.0067856102250516415,30.23093032836914,0.9905506372451782
33160,35,350,0.015037080273032188,25.993694305419922,0.9384564161300659
33180,35,370,0.017907869070768356,20.187782287597656,0.9429528713226318
33200,35,390,0.05024588853120804,16.230533599853516,0.8708604574203491
33220,35,410,0.011323007754981518,26.00432777404785,0.9475491642951965
33240,35,430,0.024996891617774963,19.230152130126953,0.9250270128250122
33260,35,450,0.02412254735827446,22.0882568359375,0.9475898146629333
33280,35,470,0.018366163596510887,22.284725189208984,0.9449648857116699
33300,35,490,0.016497284173965454,20.825172424316406,0.9527448415756226
33320,35,510,0.016503693535923958,21.47347640991211,0.9483765363693237
33340,35,530,0.026590216904878616,20.820451736450195,0.9426378011703491
33360,35,550,0.01167566142976284,28.887144088745117,0.955142080783844
33380,35,570,0.008135075680911541,29.715797424316406,0.9816827178001404
33400,35,590,0.015971485525369644,26.530574798583984,0.9614099264144897
33420,35,610,0.0029210802167654037,40.42237091064453,0.9844082593917847
33440,35,630,0.055589642375707626,17.309377670288086,0.868704617023468
33460,35,650,0.017015716060996056,24.5810604095459,0.9653499126434326
33480,35,670,0.03862224146723747,34.2103385925293,0.890760064125061
33500,35,690,0.020039549097418785,36.76470184326172,0.9448578357696533
33520,35,710,0.004541677422821522,31.5943603515625,0.9904401898384094
33540,35,730,0.009992911480367184,28.109277725219727,0.9781734347343445
33560,35,750,0.012995531782507896,22.735855102539062,0.9710180759429932
33580,35,770,0.054368287324905396,16.510669708251953,0.9076588153839111
33600,35,790,0.06991946697235107,12.697697639465332,0.8863112926483154
33620,35,810,0.018422327935695648,20.197519302368164,0.939233660697937
33640,35,830,0.020720530301332474,25.533321380615234,0.9592552185058594
33660,35,850,0.018502555787563324,25.112213134765625,0.9352387189865112
33680,35,870,0.013491697609424591,23.64931869506836,0.9670764207839966
33700,35,890,0.02703176438808441,21.334129333496094,0.9411404728889465
33720,35,910,0.02818295732140541,22.1453857421875,0.8977484703063965
33740,35,930,0.02855800837278366,19.384601593017578,0.9066060781478882
33760,35,950,0.03009277954697609,19.340408325195312,0.9172052145004272
33780,36,5,0.031646400690078735,23.748252868652344,0.9410617351531982
33800,36,25,0.003041299758478999,37.383636474609375,0.9950685501098633
33820,36,45,0.018739476799964905,19.674020767211914,0.933749794960022
33840,36,65,0.014473680406808853,27.065296173095703,0.9844824075698853
33860,36,85,0.010592684149742126,22.9454345703125,0.9698017835617065
33880,36,105,0.0760880634188652,14.98793888092041,0.8009320497512817
33900,36,125,0.01030629500746727,25.10216522216797,0.9804878234863281
33920,36,145,0.013809418305754662,24.28890037536621,0.9548860192298889
33940,36,165,0.01200361829251051,26.727087020874023,0.9773011207580566
33960,36,185,0.007819331251084805,27.533824920654297,0.9821536540985107
33980,36,205,0.01075316034257412,25.76744842529297,0.9756436347961426
34000,36,225,0.01430308073759079,21.5572452545166,0.9489195346832275
34020,36,245,0.016393281519412994,24.87188720703125,0.9599326252937317
34040,36,265,0.01245089527219534,26.53216552734375,0.9666140079498291
34060,36,285,0.01423345785588026,28.90737533569336,0.9369195699691772
34080,36,305,0.06093069538474083,13.570287704467773,0.8452562093734741
34100,36,325,0.007361425086855888,33.69064712524414,0.9744682312011719
34120,36,345,0.011464953422546387,23.315460205078125,0.9686094522476196
34140,36,365,0.003073306754231453,41.980934143066406,0.9944267272949219
34160,36,385,0.012203986756503582,30.43375015258789,0.9904465079307556
34180,36,405,0.022822489961981773,22.20627212524414,0.9426079988479614
34200,36,425,0.008914988487958908,31.996158599853516,0.9849956035614014
34220,36,445,0.01465269923210144,23.857921600341797,0.9411331415176392
34240,36,465,0.011986181139945984,25.052677154541016,0.9782999157905579
34260,36,485,0.008786816149950027,29.121675491333008,0.9829679727554321
34280,36,505,0.011861528269946575,24.626697540283203,0.9782651662826538
34300,36,525,0.012323068454861641,28.444618225097656,0.9798617362976074
34320,36,545,0.006341459229588509,29.96875,0.9884898066520691
34340,36,565,0.012886442244052887,23.23844337463379,0.9632730484008789
34360,36,585,0.010869478806853294,26.666927337646484,0.9709291458129883
34380,36,605,0.018501009792089462,22.573902130126953,0.9564432501792908
34400,36,625,0.02048691175878048,21.089359283447266,0.939971387386322
34420,36,645,0.04452788084745407,17.49533462524414,0.8694616556167603
34440,36,665,0.01386464573442936,26.518611907958984,0.9730857610702515
34460,36,685,0.046545691788196564,18.60628318786621,0.8161660432815552
34480,36,705,0.018440231680870056,21.65304183959961,0.9384450912475586
34500,36,725,0.011279872618615627,22.839977264404297,0.9728066921234131
34520,36,745,0.024568861350417137,20.20375633239746,0.913374125957489
34540,36,765,0.012251674197614193,29.348953247070312,0.9780422449111938
34560,36,785,0.04771978780627251,17.00434684753418,0.7979515194892883
34580,36,805,0.015720341354608536,25.459327697753906,0.9764737486839294
34600,36,825,0.030061721801757812,22.058181762695312,0.9332098960876465
34620,36,845,0.006190902553498745,43.515663146972656,0.9878274202346802
34640,36,865,0.01145370863378048,22.606666564941406,0.9727764129638672
34660,36,885,0.035008035600185394,25.11387825012207,0.9067877531051636
34680,36,905,0.07396258413791656,15.636844635009766,0.7431963682174683
34700,36,925,0.017460372298955917,24.10195541381836,0.9376593828201294
34720,36,945,0.006860386114567518,29.994661331176758,0.9867331981658936
34740,36,965,0.0065578012727200985,33.569480895996094,0.9890528321266174
34760,37,20,0.005749794654548168,42.18198013305664,0.9926139116287231
34780,37,40,0.0064584678038954735,37.96195983886719,0.9864457845687866
34800,37,60,0.012539873830974102,22.569507598876953,0.9653007984161377
34820,37,80,0.01866355538368225,27.580108642578125,0.9477040767669678
34840,37,100,0.02996734343469143,19.844440460205078,0.9339040517807007
34860,37,120,0.011498169973492622,24.379947662353516,0.9619275331497192
34880,37,140,0.02201220393180847,21.281070709228516,0.9548804759979248
34900,37,160,0.02368830144405365,20.31842613220215,0.9314823150634766
34920,37,180,0.06416074931621552,20.499277114868164,0.8763719797134399
34940,37,200,0.01662888564169407,23.96084213256836,0.9689594507217407
34960,37,220,0.02850337326526642,18.570606231689453,0.9218394756317139
34980,37,240,0.003593113971874118,36.032352447509766,0.9950523376464844
35000,37,260,0.011015812866389751,37.1602783203125,0.9777818918228149
35020,37,280,0.008047832176089287,29.785118103027344,0.9900139570236206
35040,37,300,0.024711642414331436,21.09200096130371,0.9553464651107788
35060,37,320,0.0169290229678154,23.03509521484375,0.9551363587379456
35080,37,340,0.052009984850883484,15.313248634338379,0.7889369130134583
35100,37,360,0.011874346062541008,28.105728149414062,0.9784126281738281
35120,37,380,0.01004923414438963,28.249704360961914,0.9853493571281433
35140,37,400,0.00922647025436163,27.89043426513672,0.9766316413879395
35160,37,420,0.03790409490466118,22.690750122070312,0.8727989196777344
35180,37,440,0.0171751007437706,33.24842071533203,0.9650090932846069
35200,37,460,0.007918848656117916,25.428220748901367,0.9780728816986084
35220,37,480,0.010554972104728222,23.277219772338867,0.9504177570343018
35240,37,500,0.00787853542715311,28.794822692871094,0.9902932643890381
35260,37,520,0.011067843064665794,26.33318328857422,0.9818503856658936
35280,37,540,0.009328670799732208,27.2002010345459,0.985286295413971
35300,37,560,0.020052574574947357,23.874086380004883,0.9637161493301392
35320,37,580,0.01718744821846485,22.50436782836914,0.957067608833313
35340,37,600,0.01916789636015892,23.993553161621094,0.9477739334106445
35360,37,620,0.07406788319349289,19.060155868530273,0.8412193059921265
35380,37,640,0.043016668409109116,15.964188575744629,0.9038894176483154
35400,37,660,0.01261085830628872,26.558448791503906,0.9788854122161865
35420,37,680,0.0325624942779541,17.961894989013672,0.910254716873169
35440,37,700,0.020849164575338364,25.235031127929688,0.9299112558364868
35460,37,720,0.02887757681310177,21.60633087158203,0.9311985969543457
35480,37,740,0.027003943920135498,20.543418884277344,0.9203047156333923
35500,37,760,0.015575036406517029,25.37287712097168,0.9705979824066162
35520,37,780,0.013408558443188667,35.39423751831055,0.9485403299331665
35540,37,800,0.013393647037446499,29.674530029296875,0.9806292057037354
35560,37,820,0.018094519153237343,20.84752655029297,0.9550856351852417
35580,37,840,0.01555216871201992,28.1046142578125,0.9638803005218506
35600,37,860,0.009089149534702301,31.29834747314453,0.9848991632461548
35620,37,880,0.05409669131040573,16.487918853759766,0.9008973836898804
35640,37,900,0.014016455039381981,22.53974723815918,0.9643396139144897
35660,37,920,0.006076186895370483,28.788381576538086,0.9874889850616455
35680,37,940,0.010287800803780556,24.645652770996094,0.9721085429191589
35700,37,960,0.014559905976057053,22.61355972290039,0.9328447580337524
35720,38,15,0.010762408375740051,28.613658905029297,0.9846934080123901
35740,38,35,0.01589074917137623,22.13552474975586,0.9455004930496216
35760,38,55,0.018687641248106956,25.96227264404297,0.9540196657180786
35780,38,75,0.012363003566861153,28.936227798461914,0.9696545004844666
35800,38,95,0.009804153814911842,27.102127075195312,0.9821539521217346
35820,38,115,0.011980792507529259,22.534709930419922,0.9691781997680664
35840,38,135,0.02225048467516899,21.226465225219727,0.9485185146331787
35860,38,155,0.008784848265349865,26.925872802734375,0.9769233465194702
35880,38,175,0.018333280459046364,25.572324752807617,0.9768519997596741
35900,38,195,0.0035773362033069134,36.027381896972656,0.9954431653022766
35920,38,215,0.04649633169174194,20.504451751708984,0.9166073203086853
35940,38,235,0.0030574852135032415,49.93864440917969,0.9959514141082764
35960,38,255,0.012116114608943462,29.615137100219727,0.9795799255371094
35980,38,275,0.024855606257915497,20.716270446777344,0.9319366216659546
36000,38,295,0.019877808168530464,20.095603942871094,0.9559046030044556
36020,38,315,0.012513208203017712,25.873191833496094,0.9773658514022827
36040,38,335,0.01901593804359436,25.69091033935547,0.9616270065307617
36060,38,355,0.010909396223723888,22.724098205566406,0.9604555368423462
36080,38,375,0.016087476164102554,23.459508895874023,0.9588280916213989
36100,38,395,0.0053452858701348305,35.42115783691406,0.9913934469223022
36120,38,415,0.00977444276213646,27.69625473022461,0.9640779495239258
36140,38,435,0.010715082287788391,27.419387817382812,0.9814379215240479
36160,38,455,0.007641130592674017,29.45230484008789,0.9856597185134888
36180,38,475,0.007848458364605904,29.91845703125,0.97847580909729
36200,38,495,0.009222693741321564,29.01874351501465,0.9864427447319031
36220,38,515,0.0363183431327343,24.096120834350586,0.8947495222091675
36240,38,535,0.014340190216898918,27.77395248413086,0.9784603118896484
36260,38,555,0.011875609867274761,28.31954002380371,0.9819233417510986
36280,38,575,0.012361178174614906,24.474868774414062,0.9688082933425903
36300,38,595,0.0107943220064044,27.78521728515625,0.9880787134170532
36320,38,615,0.02067914977669716,23.861236572265625,0.9667261838912964
36340,38,635,0.019068211317062378,20.488447189331055,0.9430322647094727
36360,38,655,0.017305435612797737,20.397377014160156,0.9527204036712646
36380,38,675,0.0176848191767931,21.878143310546875,0.9575362205505371
36400,38,695,0.05205133557319641,17.322463989257812,0.7988944053649902
36420,38,715,0.011951809749007225,25.75027847290039,0.9732706546783447
36440,38,735,0.018641995266079903,22.793262481689453,0.9586541652679443
36460,38,755,0.04596162959933281,19.598987579345703,0.9190459251403809
36480,38,775,0.022281374782323837,21.972993850708008,0.9513735771179199
36500,38,795,0.011943988502025604,27.92212677001953,0.9669574499130249
36520,38,815,0.015915609896183014,25.09892463684082,0.9519069194793701
36540,38,835,0.006955781485885382,41.66278076171875,0.9810787439346313
36560,38,855,0.008767854422330856,27.133888244628906,0.9756662845611572
36580,38,875,0.012109744362533092,38.262657165527344,0.9786266088485718
36600,38,895,0.017049778252840042,21.697580337524414,0.9561218619346619
36620,38,915,0.01328351628035307,25.28877067565918,0.9607799053192139
36640,38,935,0.004280261229723692,35.77289581298828,0.9921724796295166
36660,38,955,0.004918607883155346,41.74658966064453,0.9905621409416199
36680,39,10,0.006303354632109404,29.172359466552734,0.983852207660675
36700,39,30,0.021198272705078125,19.82283592224121,0.9371305108070374
36720,39,50,0.062131404876708984,17.002685546875,0.8204864263534546
36740,39,70,0.018473196774721146,22.75227928161621,0.9354997873306274
36760,39,90,0.004248231183737516,31.520965576171875,0.9912865161895752
36780,39,110,0.0049086762592196465,43.58512496948242,0.9951915144920349
36800,39,130,0.024497807025909424,18.801036834716797,0.938300371170044
36820,39,150,0.02236674353480339,27.19788360595703,0.9300411939620972
36840,39,170,0.012379053980112076,24.585552215576172,0.9676288962364197
36860,39,190,0.015005914494395256,24.901987075805664,0.9704881906509399
36880,39,210,0.010906802490353584,24.762924194335938,0.9651039838790894
36900,39,230,0.01963650994002819,22.83263397216797,0.9573261737823486
36920,39,250,0.03939478471875191,19.383668899536133,0.8884830474853516
36940,39,270,0.0049129147082567215,33.008975982666016,0.9931693077087402
36960,39,290,0.01146044209599495,29.640810012817383,0.987037718296051
36980,39,310,0.008639311417937279,30.25708770751953,0.9753336906433105
37000,39,330,0.008537623099982738,31.829740524291992,0.9901034832000732
37020,39,350,0.012606269679963589,24.42499542236328,0.9631624221801758
37040,39,370,0.012911203317344189,26.796615600585938,0.9829980134963989
37060,39,390,0.012859608046710491,24.877792358398438,0.9724125862121582
37080,39,410,0.051550962030887604,17.293107986450195,0.8396843671798706
37100,39,430,0.008504644967615604,39.758087158203125,0.972867488861084
37120,39,450,0.006661956664174795,29.910444259643555,0.9805083274841309
37140,39,470,0.03558803349733353,19.273082733154297,0.9291356205940247
37160,39,490,0.009169599041342735,25.969654083251953,0.978032112121582
37180,39,510,0.011769920587539673,28.531646728515625,0.9854073524475098
37200,39,530,0.023265494033694267,20.146730422973633,0.9404472708702087
37220,39,550,0.008423615247011185,30.60606575012207,0.9870065450668335
37240,39,570,0.00997950229793787,31.46346664428711,0.9905257225036621
37260,39,590,0.03946317359805107,19.28183937072754,0.8912648558616638
37280,39,610,0.003911745734512806,34.77311325073242,0.9937101006507874
37300,39,630,0.010017548687756062,36.096519470214844,0.9781324863433838
37320,39,650,0.015021299943327904,24.274463653564453,0.9634991884231567
37340,39,670,0.008354746736586094,31.42953872680664,0.9870479106903076
37360,39,690,0.027346506714820862,19.207197189331055,0.9071411490440369
37380,39,710,0.028582151979207993,17.926990509033203,0.8878582715988159
37400,39,730,0.009417319670319557,28.9981689453125,0.9774494171142578
37420,39,750,0.008373059332370758,33.172000885009766,0.9858744144439697
37440,39,770,0.006075456738471985,32.4892578125,0.9871554374694824
37460,39,790,0.01010737381875515,25.144939422607422,0.9713904857635498
37480,39,810,0.0157295111566782,26.71292495727539,0.9768443703651428
37500,39,830,0.012176260352134705,28.377470016479492,0.9448802471160889
37520,39,850,0.004269880708307028,34.03471755981445,0.9827960729598999
37540,39,870,0.015941962599754333,24.459318161010742,0.9722930192947388
37560,39,890,0.002811923623085022,35.5626335144043,0.9879302978515625
37580,39,910,0.01643407717347145,21.488445281982422,0.9424571990966797
37600,39,930,0.008646090514957905,30.788692474365234,0.9909121990203857
37620,39,950,0.011504419147968292,27.657100677490234,0.979314923286438
37640,40,5,0.0117231085896492,28.00766944885254,0.9811009764671326
37660,40,25,0.03478749096393585,20.90596580505371,0.8955525159835815
37680,40,45,0.011246491223573685,29.14675521850586,0.9612381458282471
37700,40,65,0.006433877162635326,28.528545379638672,0.980323314666748
37720,40,85,0.01899203285574913,24.348289489746094,0.9528974890708923
37740,40,105,0.01285749301314354,27.934541702270508,0.9830581545829773
37760,40,125,0.0031586973927915096,31.07373046875,0.9927995204925537
37780,40,145,0.011277016252279282,26.611591339111328,0.9783707857131958
37800,40,165,0.010074370540678501,25.989059448242188,0.9654222130775452
37820,40,185,0.01701567880809307,29.063426971435547,0.9604904055595398
37840,40,205,0.005529971327632666,33.406700134277344,0.9875634908676147
37860,40,225,0.003709622425958514,42.49891662597656,0.9942840337753296
37880,40,245,0.020340004935860634,20.832265853881836,0.9463546276092529
37900,40,265,0.013115785084664822,27.51297378540039,0.9816731214523315
37920,40,285,0.009816579520702362,31.543071746826172,0.984850287437439
37940,40,305,0.005152035970240831,39.724151611328125,0.9924689531326294
37960,40,325,0.008390938863158226,27.691850662231445,0.9828956127166748
37980,40,345,0.023632129654288292,24.227115631103516,0.9537979364395142
38000,40,365,0.023404568433761597,24.989479064941406,0.9621394872665405
38020,40,385,0.0199881661683321,19.573020935058594,0.9378105998039246
38040,40,405,0.012358946725726128,22.83098602294922,0.9597163200378418
38060,40,425,0.019137956202030182,21.894115447998047,0.9605408906936646
38080,40,445,0.015673793852329254,22.546039581298828,0.9537795782089233
38100,40,465,0.004426890984177589,33.27178955078125,0.9900425672531128
38120,40,485,0.006901369895786047,28.827316284179688,0.9897593855857849
38140,40,505,0.027572467923164368,20.951326370239258,0.9429420232772827
38160,40,525,0.02935267984867096,19.14251708984375,0.933989405632019
38180,40,545,0.010201668366789818,27.076974868774414,0.9815174341201782
38200,40,565,0.012919082306325436,21.681509017944336,0.9653299450874329
38220,40,585,0.013114538043737411,23.385082244873047,0.9636562466621399
38240,40,605,0.10153897106647491,16.175731658935547,0.7109364867210388
38260,40,625,0.006966027431190014,40.112518310546875,0.9849588871002197
38280,40,645,0.011354323476552963,30.65302085876465,0.988408088684082
38300,40,665,0.008733668364584446,25.944902420043945,0.9828102588653564
38320,40,685,0.022960996255278587,19.785831451416016,0.9410773515701294
38340,40,705,0.01609010249376297,23.752239227294922,0.949009895324707
38360,40,725,0.007958799600601196,28.491533279418945,0.9861180782318115
38380,40,745,0.004480236675590277,32.77513885498047,0.9926827549934387
38400,40,765,0.014246939681470394,28.62459373474121,0.9842368364334106
38420,40,785,0.008410181850194931,31.58005142211914,0.9926478862762451
38440,40,805,0.02357669547200203,20.433673858642578,0.934161901473999
38460,40,825,0.01082343515008688,25.87036895751953,0.9767631888389587
38480,40,845,0.02901643142104149,21.766782760620117,0.9109981060028076
38500,40,865,0.018300067633390427,23.43085479736328,0.9647297859191895
38520,40,885,0.022530129179358482,21.736167907714844,0.9639261960983276
38540,40,905,0.01123850978910923,27.471954345703125,0.9883630275726318
38560,40,925,0.020301342010498047,21.953628540039062,0.9444065690040588
38580,40,945,0.20254385471343994,15.682109832763672,0.7441737651824951
38600,40,965,0.039050839841365814,18.05856704711914,0.9427347183227539
